{"Mean":{"confidence_interval":{"confidence_level":0.95,"lower_bound":2607440229.1487465,"upper_bound":3548754954.8941665},"point_estimate":3082689135.530516,"standard_error":240964378.17047203},"Median":{"confidence_interval":{"confidence_level":0.95,"lower_bound":2177547860.125,"upper_bound":3881875007.1666665},"point_estimate":3149964299.698413,"standard_error":402058111.2421003},"MedianAbsDev":{"confidence_interval":{"confidence_level":0.95,"lower_bound":128370531.94769248,"upper_bound":1369769794.4792912},"point_estimate":1138020553.4294045,"standard_error":328078886.0328084},"Slope":{"confidence_interval":{"confidence_level":0.95,"lower_bound":2668202133.2472224,"upper_bound":3495333742.781675},"point_estimate":3113343815.251948,"standard_error":211924008.5480665},"StdDev":{"confidence_interval":{"confidence_level":0.95,"lower_bound":490855100.3506177,"upper_bound":946564630.3462443},"point_estimate":802696504.2770534,"standard_error":114257375.75414969}}