{"Mean":{"confidence_interval":{"confidence_level":0.95,"lower_bound":77799785323.5,"upper_bound":80515371614.0},"point_estimate":79157578468.75,"standard_error":961180032.8357928},"Median":{"confidence_interval":{"confidence_level":0.95,"lower_bound":77799785323.5,"upper_bound":80515371614.0},"point_estimate":79157578468.75,"standard_error":961180032.8357928},"MedianAbsDev":{"confidence_interval":{"confidence_level":0.95,"lower_bound":0.0,"upper_bound":2013064081.4086185},"point_estimate":2013064081.4086185,"standard_error":1006534548.1986562},"Slope":{"confidence_interval":{"confidence_level":0.95,"lower_bound":77799785323.5,"upper_bound":80515371614.0},"point_estimate":78342902581.6,"standard_error":1046680754.6707491},"StdDev":{"confidence_interval":{"confidence_level":0.95,"lower_bound":0.0,"upper_bound":1920209480.9097717},"point_estimate":1920209480.9097717,"standard_error":960107132.2893739}}