{"Mean":{"confidence_interval":{"confidence_level":0.95,"lower_bound":-0.9586962004315965,"upper_bound":-0.9550821094369265},"point_estimate":-0.9569760888776755,"standard_error":0.0009408039788999339},"Median":{"confidence_interval":{"confidence_level":0.95,"lower_bound":-0.9599861333480095,"upper_bound":-0.9552392134955462},"point_estimate":-0.9571700691805091,"standard_error":0.0010354811103266675}}