{"Mean":{"confidence_interval":{"confidence_level":0.95,"lower_bound":-0.11578762504693066,"upper_bound":0.010197644485987018},"point_estimate":-0.05083689434147198,"standard_error":0.032252600436732275},"Median":{"confidence_interval":{"confidence_level":0.95,"lower_bound":-0.08079143007906642,"upper_bound":0.014053705975202835},"point_estimate":-0.015408505505349113,"standard_error":0.022909987783926552}}