{"Mean":{"confidence_interval":{"confidence_level":0.95,"lower_bound":0.09114865477822945,"upper_bound":1.0789921523013895},"point_estimate":0.5223655571176362,"standard_error":0.25543484664544486},"Median":{"confidence_interval":{"confidence_level":0.95,"lower_bound":-0.030979743573893548,"upper_bound":0.23635211159247294},"point_estimate":0.05062808619421699,"standard_error":0.06891203054100596}}