{"Mean":{"confidence_interval":{"confidence_level":0.95,"lower_bound":107896065.83851263,"upper_bound":114973841.98394084},"point_estimate":111415531.62408996,"standard_error":1810148.9426278987},"Median":{"confidence_interval":{"confidence_level":0.95,"lower_bound":107672943.25,"upper_bound":114927760.48076923},"point_estimate":111675950.02222222,"standard_error":1670350.6695678963},"MedianAbsDev":{"confidence_interval":{"confidence_level":0.95,"lower_bound":2834277.8447315097,"upper_bound":14544044.672404934},"point_estimate":8132018.588143225,"standard_error":2963135.9212067784},"Slope":{"confidence_interval":{"confidence_level":0.95,"lower_bound":111666081.21345297,"upper_bound":119165062.61155646},"point_estimate":115338321.46759582,"standard_error":1917062.7309946977},"StdDev":{"confidence_interval":{"confidence_level":0.95,"lower_bound":5796541.333243952,"upper_bound":10132808.778344259},"point_estimate":8325310.127240494,"standard_error":1107300.9258112332}}