{"Mean":{"confidence_interval":{"confidence_level":0.95,"lower_bound":-0.185770375894468,"upper_bound":0.039975045524854425},"point_estimate":-0.08492690538771541,"standard_error":0.069196437948622},"Median":{"confidence_interval":{"confidence_level":0.95,"lower_bound":-0.19111395757090632,"upper_bound":0.039447928873432625},"point_estimate":-0.07829815485207992,"standard_error":0.07021785677049651}}