{"Mean":{"confidence_interval":{"confidence_level":0.95,"lower_bound":198.35377907954566,"upper_bound":287.64735026773747},"point_estimate":240.63197135882643,"standard_error":24.815040854298637},"Median":{"confidence_interval":{"confidence_level":0.95,"lower_bound":198.35377907954566,"upper_bound":287.64735026773747},"point_estimate":240.63197135882643,"standard_error":24.815040854298637}}