{"Mean":{"confidence_interval":{"confidence_level":0.95,"lower_bound":6214329161.84914,"upper_bound":6323216923.1136},"point_estimate":6260631521.418497,"standard_error":28340258.052865345},"Median":{"confidence_interval":{"confidence_level":0.95,"lower_bound":6205482446.30921,"upper_bound":6271284637.566667},"point_estimate":6239000142.666666,"standard_error":14837002.485039797},"MedianAbsDev":{"confidence_interval":{"confidence_level":0.95,"lower_bound":30960243.713544857,"upper_bound":108605623.86422908},"point_estimate":61840300.5662657,"standard_error":20380011.547080167},"Slope":{"confidence_interval":{"confidence_level":0.95,"lower_bound":6226462760.014639,"upper_bound":6311884560.7179365},"point_estimate":6261994936.858189,"standard_error":21802287.831013918},"StdDev":{"confidence_interval":{"confidence_level":0.95,"lower_bound":47425642.5623346,"upper_bound":199406495.43115878},"point_estimate":130199822.07173967,"standard_error":45858334.92004735}}