{"Mean":{"confidence_interval":{"confidence_level":0.95,"lower_bound":14303691914.671936,"upper_bound":16212354962.222076},"point_estimate":15263445015.43602,"standard_error":487543837.5833936},"Median":{"confidence_interval":{"confidence_level":0.95,"lower_bound":14320801082.967648,"upper_bound":16457474990.13889},"point_estimate":15603980396.814102,"standard_error":590217007.2858315},"MedianAbsDev":{"confidence_interval":{"confidence_level":0.95,"lower_bound":1027725742.4495853,"upper_bound":3608072444.473874},"point_estimate":2104996764.0949268,"standard_error":728356163.4386966},"Slope":{"confidence_interval":{"confidence_level":0.95,"lower_bound":14071775653.499063,"upper_bound":16029706761.849775},"point_estimate":15078722376.382578,"standard_error":503526562.3874814},"StdDev":{"confidence_interval":{"confidence_level":0.95,"lower_bound":1572920018.2575164,"upper_bound":2710503704.659611},"point_estimate":2238528718.311256,"standard_error":290538715.99214625}}