{"Mean":{"confidence_interval":{"confidence_level":0.95,"lower_bound":104439939845.33333,"upper_bound":112151883391.76665},"point_estimate":107957943165.96666,"standard_error":1947227829.699953},"Median":{"confidence_interval":{"confidence_level":0.95,"lower_bound":102521219977.0,"upper_bound":114627875249.0},"point_estimate":105764829392.0,"standard_error":3144504060.1957707},"MedianAbsDev":{"confidence_interval":{"confidence_level":0.95,"lower_bound":0.0,"upper_bound":5112447973.277405},"point_estimate":4808975233.302623,"standard_error":2433782374.4715934},"Slope":{"confidence_interval":{"confidence_level":0.95,"lower_bound":105550321643.11111,"upper_bound":113955111738.9661},"point_estimate":110117083836.78181,"standard_error":2573686922.475219},"StdDev":{"confidence_interval":{"confidence_level":0.95,"lower_bound":1435653542.4754708,"upper_bound":6164414840.930371},"point_estimate":4856697321.34355,"standard_error":1223269418.5247464}}