{"Mean":{"confidence_interval":{"confidence_level":0.95,"lower_bound":13191653568.30905,"upper_bound":14652818995.558943},"point_estimate":13928857736.860743,"standard_error":372038480.6607226},"Median":{"confidence_interval":{"confidence_level":0.95,"lower_bound":13139980038.115385,"upper_bound":14738888621.7125},"point_estimate":14037989134.882353,"standard_error":380989924.946945},"MedianAbsDev":{"confidence_interval":{"confidence_level":0.95,"lower_bound":701667704.9970201,"upper_bound":2404467033.6358957},"point_estimate":1612095716.4996154,"standard_error":434383212.8725881},"Slope":{"confidence_interval":{"confidence_level":0.95,"lower_bound":14130015773.498339,"upper_bound":15469642241.811602},"point_estimate":14816440266.376656,"standard_error":339357450.6625009},"StdDev":{"confidence_interval":{"confidence_level":0.95,"lower_bound":1089528068.3477802,"upper_bound":2172298846.013049},"point_estimate":1702717382.152117,"standard_error":276928353.9832042}}