{"Mean":{"confidence_interval":{"confidence_level":0.95,"lower_bound":-0.024307173598823728,"upper_bound":0.016143489551226686},"point_estimate":-0.006600439719072537,"standard_error":0.010692115970828473},"Median":{"confidence_interval":{"confidence_level":0.95,"lower_bound":-0.027209256629187384,"upper_bound":0.015908727293794556},"point_estimate":-0.020480692739466955,"standard_error":0.015609625573934298}}