{"Mean":{"confidence_interval":{"confidence_level":0.95,"lower_bound":1.2595386828965112,"upper_bound":1.5905746033945554},"point_estimate":1.4380040517027135,"standard_error":0.0809470345553467},"Median":{"confidence_interval":{"confidence_level":0.95,"lower_bound":1.2580575112278352,"upper_bound":1.650211900131302},"point_estimate":1.5010386343964193,"standard_error":0.10561442155191421}}