{"Mean":{"confidence_interval":{"confidence_level":0.95,"lower_bound":-0.1932751113353553,"upper_bound":0.10022130769198105},"point_estimate":-0.06292945547513173,"standard_error":0.0747800192475932},"Median":{"confidence_interval":{"confidence_level":0.95,"lower_bound":-0.2729226842753305,"upper_bound":0.16834437576926645},"point_estimate":-0.07527505194818662,"standard_error":0.11058140699564867}}