{"Mean":{"confidence_interval":{"confidence_level":0.95,"lower_bound":-0.12250688599593838,"upper_bound":-0.0063333001126592665},"point_estimate":-0.06693950089582945,"standard_error":0.029507075684707854},"Median":{"confidence_interval":{"confidence_level":0.95,"lower_bound":-0.12227506930545251,"upper_bound":0.027275585150008386},"point_estimate":-0.03831727749893932,"standard_error":0.03756998770280849}}