{"Mean":{"confidence_interval":{"confidence_level":0.95,"lower_bound":1009557855.8533332,"upper_bound":1164313465.9690475},"point_estimate":1082678657.782738,"standard_error":39666469.91660546},"Median":{"confidence_interval":{"confidence_level":0.95,"lower_bound":987837859.0,"upper_bound":1182981166.0},"point_estimate":1058589577.7875,"standard_error":39498683.86634514},"MedianAbsDev":{"confidence_interval":{"confidence_level":0.95,"lower_bound":22926034.487069026,"upper_bound":235912901.6375965},"point_estimate":79245111.93582812,"standard_error":56437638.581719436},"Slope":{"confidence_interval":{"confidence_level":0.95,"lower_bound":1035056227.6335616,"upper_bound":1190431487.2613637},"point_estimate":1095107237.3454545,"standard_error":40199735.4853928},"StdDev":{"confidence_interval":{"confidence_level":0.95,"lower_bound":57313824.829761446,"upper_bound":169898522.33003563},"point_estimate":132393707.17196175,"standard_error":28829325.927751716}}