{"Mean":{"confidence_interval":{"confidence_level":0.95,"lower_bound":-0.03470370140311009,"upper_bound":0.03360486606309854},"point_estimate":-0.0017259129164741704,"standard_error":0.01748071709311868},"Median":{"confidence_interval":{"confidence_level":0.95,"lower_bound":-0.05625217544309691,"upper_bound":0.04902813476289536},"point_estimate":-0.021170977703109717,"standard_error":0.02597678177398659}}