{"Mean":{"confidence_interval":{"confidence_level":0.95,"lower_bound":-0.2458202484783453,"upper_bound":1.0743658198909967},"point_estimate":0.18953114875692845,"standard_error":0.3389376725326853},"Median":{"confidence_interval":{"confidence_level":0.95,"lower_bound":-0.40847064313275716,"upper_bound":3.43013833860856},"point_estimate":-0.016214332950194477,"standard_error":0.9884561422352706}}