{"Mean":{"confidence_interval":{"confidence_level":0.95,"lower_bound":0.007584523899164974,"upper_bound":0.056899705920224086},"point_estimate":0.032241327615356585,"standard_error":0.012617362252881167},"Median":{"confidence_interval":{"confidence_level":0.95,"lower_bound":-0.009484903427212754,"upper_bound":0.06422665041654874},"point_estimate":0.040120352701396245,"standard_error":0.015415316230516105}}