{"Mean":{"confidence_interval":{"confidence_level":0.95,"lower_bound":1514431789.5,"upper_bound":1680744888.5},"point_estimate":1597588339.0,"standard_error":58735548.83811757},"Median":{"confidence_interval":{"confidence_level":0.95,"lower_bound":1514431789.5,"upper_bound":1680744888.5},"point_estimate":1597588339.0,"standard_error":58735548.83811757},"MedianAbsDev":{"confidence_interval":{"confidence_level":0.95,"lower_bound":0.0,"upper_bound":123287898.09990227},"point_estimate":123287898.09990227,"standard_error":61644105.36802858},"Slope":{"confidence_interval":{"confidence_level":0.95,"lower_bound":1514431789.5,"upper_bound":1680744888.5},"point_estimate":1647482268.7,"standard_error":63993057.27622474},"StdDev":{"confidence_interval":{"confidence_level":0.95,"lower_bound":0.0,"upper_bound":117601120.10304962},"point_estimate":117601120.10304962,"standard_error":58800709.159301475}}