{"Mean":{"confidence_interval":{"confidence_level":0.95,"lower_bound":226961702.11852902,"upper_bound":266179503.85382122},"point_estimate":244390051.5203418,"standard_error":10086992.497732433},"Median":{"confidence_interval":{"confidence_level":0.95,"lower_bound":220302405.65,"upper_bound":236667750.6875},"point_estimate":225899009.0,"standard_error":4781857.959849998},"MedianAbsDev":{"confidence_interval":{"confidence_level":0.95,"lower_bound":3834278.94438585,"upper_bound":28562888.34874901},"point_estimate":11764040.123445483,"standard_error":6685904.178502274},"Slope":{"confidence_interval":{"confidence_level":0.95,"lower_bound":226699739.69956598,"upper_bound":259171491.8831921},"point_estimate":239455473.2728223,"standard_error":8320993.782179602},"StdDev":{"confidence_interval":{"confidence_level":0.95,"lower_bound":15127798.33018553,"upper_bound":63738351.741072215},"point_estimate":46381458.00755181,"standard_error":12532834.88726223}}