{"Mean":{"confidence_interval":{"confidence_level":0.95,"lower_bound":-0.6825309427915619,"upper_bound":0.12123535811151243},"point_estimate":-0.4073305706149386,"standard_error":0.265447040451439},"Median":{"confidence_interval":{"confidence_level":0.95,"lower_bound":-0.7827642037144134,"upper_bound":0.1220829419595455},"point_estimate":0.04511588080430662,"standard_error":0.19850713685331584}}