{"Mean":{"confidence_interval":{"confidence_level":0.95,"lower_bound":1171311585.0,"upper_bound":1823873681.25},"point_estimate":1497592633.125,"standard_error":230307380.37939355},"Median":{"confidence_interval":{"confidence_level":0.95,"lower_bound":1171311585.0,"upper_bound":1823873681.25},"point_estimate":1497592633.125,"standard_error":230307380.37939355},"MedianAbsDev":{"confidence_interval":{"confidence_level":0.95,"lower_bound":0.0,"upper_bound":483744273.3619474},"point_estimate":483744273.3619474,"standard_error":241871830.51617077},"Slope":{"confidence_interval":{"confidence_level":0.95,"lower_bound":1171311585.0,"upper_bound":1823873681.25},"point_estimate":1693361262.0,"standard_error":251063489.87987092},"StdDev":{"confidence_interval":{"confidence_level":0.95,"lower_bound":0.0,"upper_bound":461431083.4036835},"point_estimate":461431083.4036835,"standard_error":230715249.6588328}}