{"Mean":{"confidence_interval":{"confidence_level":0.95,"lower_bound":0.04497687864991447,"upper_bound":0.15049231316163594},"point_estimate":0.09440800112691394,"standard_error":0.0269567857222143},"Median":{"confidence_interval":{"confidence_level":0.95,"lower_bound":0.02733477103944071,"upper_bound":0.14662651701246165},"point_estimate":0.07333099282821176,"standard_error":0.029917480141016764}}