{"Mean":{"confidence_interval":{"confidence_level":0.95,"lower_bound":-0.060786082217770036,"upper_bound":0.03687143171217205},"point_estimate":-0.011254265415796771,"standard_error":0.024730961787972086},"Median":{"confidence_interval":{"confidence_level":0.95,"lower_bound":-0.03232377771036965,"upper_bound":0.04369069631971094},"point_estimate":-0.0016558845893428487,"standard_error":0.018245888079491273}}