{"Mean":{"confidence_interval":{"confidence_level":0.95,"lower_bound":204144788347.0,"upper_bound":265801769921.0},"point_estimate":234973279134.0,"standard_error":21825269545.158283},"Median":{"confidence_interval":{"confidence_level":0.95,"lower_bound":204144788347.0,"upper_bound":265801769921.0},"point_estimate":234973279134.0,"standard_error":21825269545.158283},"MedianAbsDev":{"confidence_interval":{"confidence_level":0.95,"lower_bound":0.0,"upper_bound":45706319629.35682},"point_estimate":45706319629.35682,"standard_error":22853208263.813915},"Slope":{"confidence_interval":{"confidence_level":0.95,"lower_bound":204144788347.0,"upper_bound":265801769921.0},"point_estimate":253470373606.2,"standard_error":23649796684.443558},"StdDev":{"confidence_interval":{"confidence_level":0.95,"lower_bound":0.0,"upper_bound":43598069778.469406},"point_estimate":43598069778.469406,"standard_error":21799081103.595764}}