{"Mean":{"confidence_interval":{"confidence_level":0.95,"lower_bound":23928562096.93333,"upper_bound":24899258505.466667},"point_estimate":24446849817.786663,"standard_error":258789935.85048237},"Median":{"confidence_interval":{"confidence_level":0.95,"lower_bound":23458636232.0,"upper_bound":25204366846.0},"point_estimate":24633450894.333332,"standard_error":350410510.1894989},"MedianAbsDev":{"confidence_interval":{"confidence_level":0.95,"lower_bound":0.0,"upper_bound":1172892049.0608037},"point_estimate":568888138.3918147,"standard_error":377613271.5172511},"Slope":{"confidence_interval":{"confidence_level":0.95,"lower_bound":23633790986.736843,"upper_bound":24696926111.81967},"point_estimate":24298980355.036366,"standard_error":313704368.7168858},"StdDev":{"confidence_interval":{"confidence_level":0.95,"lower_bound":185826379.9205272,"upper_bound":883248847.6083324},"point_estimate":648507790.5219586,"standard_error":191901115.46781024}}