{"Mean":{"confidence_interval":{"confidence_level":0.95,"lower_bound":654485425.4506733,"upper_bound":690255604.0207103},"point_estimate":672225977.9921709,"standard_error":9133351.184471095},"Median":{"confidence_interval":{"confidence_level":0.95,"lower_bound":657111415.4407895,"upper_bound":683877753.8214285},"point_estimate":675065373.6166667,"standard_error":6903728.172980611},"MedianAbsDev":{"confidence_interval":{"confidence_level":0.95,"lower_bound":9862396.149894968,"upper_bound":56154830.862099156},"point_estimate":26618537.918982044,"standard_error":11494121.203400472},"Slope":{"confidence_interval":{"confidence_level":0.95,"lower_bound":667991065.4527848,"upper_bound":706457730.37618},"point_estimate":685014622.0341463,"standard_error":9908318.510709573},"StdDev":{"confidence_interval":{"confidence_level":0.95,"lower_bound":24018770.682320196,"upper_bound":55650463.99571468},"point_estimate":41927781.299614236,"standard_error":8091556.538743184}}