{"Mean":{"confidence_interval":{"confidence_level":0.95,"lower_bound":957106588.2175207,"upper_bound":1000271512.1272223},"point_estimate":977940694.5390079,"standard_error":11098083.659570811},"Median":{"confidence_interval":{"confidence_level":0.95,"lower_bound":948102192.25,"upper_bound":1017249414.0444444},"point_estimate":962055486.5714285,"standard_error":18549224.006249133},"MedianAbsDev":{"confidence_interval":{"confidence_level":0.95,"lower_bound":2196053.248902226,"upper_bound":62219406.98929301},"point_estimate":36177902.06221379,"standard_error":15008526.466606406},"Slope":{"confidence_interval":{"confidence_level":0.95,"lower_bound":964813837.7999151,"upper_bound":1020364151.9186991},"point_estimate":993558949.0051948,"standard_error":14418057.069742767},"StdDev":{"confidence_interval":{"confidence_level":0.95,"lower_bound":21133933.461180393,"upper_bound":44237524.479064286},"point_estimate":37114206.60974609,"standard_error":5749694.959495171}}