{"Mean":{"confidence_interval":{"confidence_level":0.95,"lower_bound":-0.1122860937286041,"upper_bound":0.024890092377090722},"point_estimate":-0.04684612221872986,"standard_error":0.035112617496125965},"Median":{"confidence_interval":{"confidence_level":0.95,"lower_bound":-0.11745944933395702,"upper_bound":-0.0084290674047095},"point_estimate":-0.05100249950324531,"standard_error":0.02396741358856207}}