{"Mean":{"confidence_interval":{"confidence_level":0.95,"lower_bound":-0.10095790121372117,"upper_bound":0.1285638598590959},"point_estimate":0.00683242142548135,"standard_error":0.05856145428734908},"Median":{"confidence_interval":{"confidence_level":0.95,"lower_bound":-0.11848543702746939,"upper_bound":0.1579113902358087},"point_estimate":-0.012252130891466706,"standard_error":0.06743184579240333}}