{"Mean":{"confidence_interval":{"confidence_level":0.95,"lower_bound":612115121.5717199,"upper_bound":1039613279.6304456},"point_estimate":820663958.9517686,"standard_error":109322244.37407681},"Median":{"confidence_interval":{"confidence_level":0.95,"lower_bound":516172150.8388889,"upper_bound":1128401900.5},"point_estimate":711888870.8815789,"standard_error":178504363.37223902},"MedianAbsDev":{"confidence_interval":{"confidence_level":0.95,"lower_bound":281040205.030759,"upper_bound":826160629.7376311},"point_estimate":658049252.1811943,"standard_error":136246716.67136413},"Slope":{"confidence_interval":{"confidence_level":0.95,"lower_bound":587300325.9256341,"upper_bound":1025133966.3573738},"point_estimate":792862247.8261324,"standard_error":111894067.76779507},"StdDev":{"confidence_interval":{"confidence_level":0.95,"lower_bound":364432911.8896091,"upper_bound":595350005.4833142},"point_estimate":502236980.9238281,"standard_error":58993473.385780685}}