{"Mean":{"confidence_interval":{"confidence_level":0.95,"lower_bound":21198823759.0,"upper_bound":21856920127.5},"point_estimate":21527871943.25,"standard_error":233119119.85776561},"Median":{"confidence_interval":{"confidence_level":0.95,"lower_bound":21198823759.0,"upper_bound":21856920127.5},"point_estimate":21527871943.25,"standard_error":233119119.85776561},"MedianAbsDev":{"confidence_interval":{"confidence_level":0.95,"lower_bound":0.0,"upper_bound":487846829.30803746},"point_estimate":487846829.30803746,"standard_error":243922835.86603048},"Slope":{"confidence_interval":{"confidence_level":0.95,"lower_bound":21198823759.0,"upper_bound":21856920127.5},"point_estimate":21725300853.8,"standard_error":253726721.15015006},"StdDev":{"confidence_interval":{"confidence_level":0.95,"lower_bound":0.0,"upper_bound":465344404.8405911},"point_estimate":465344404.8405911,"standard_error":232671650.32952645}}