{"Mean":{"confidence_interval":{"confidence_level":0.95,"lower_bound":-0.13953222681406985,"upper_bound":0.6509661479786129},"point_estimate":0.1646066491760323,"standard_error":0.20254324304274257},"Median":{"confidence_interval":{"confidence_level":0.95,"lower_bound":-0.2840173602013494,"upper_bound":1.1042436912901388},"point_estimate":0.014654733343737902,"standard_error":0.39798558277814483}}