{"Mean":{"confidence_interval":{"confidence_level":0.95,"lower_bound":-0.11808925939087796,"upper_bound":0.03711520492980119},"point_estimate":-0.042601778757329956,"standard_error":0.03966555513371557},"Median":{"confidence_interval":{"confidence_level":0.95,"lower_bound":-0.15413896688904538,"upper_bound":0.06694670953554183},"point_estimate":-0.07554248621843707,"standard_error":0.055632407321019504}}