{"Mean":{"confidence_interval":{"confidence_level":0.95,"lower_bound":0.06837345835414066,"upper_bound":0.4267539088691592},"point_estimate":0.2397930797812342,"standard_error":0.09196132459581266},"Median":{"confidence_interval":{"confidence_level":0.95,"lower_bound":-0.00523555021641664,"upper_bound":0.4553524180363293},"point_estimate":0.26423561018803876,"standard_error":0.10551604512281156}}