{"Mean":{"confidence_interval":{"confidence_level":0.95,"lower_bound":-0.5304109515414903,"upper_bound":-0.406896144947612},"point_estimate":-0.47251493379535137,"standard_error":0.03185796920708264},"Median":{"confidence_interval":{"confidence_level":0.95,"lower_bound":-0.564424793151088,"upper_bound":-0.38891604428394533},"point_estimate":-0.46744788489808375,"standard_error":0.04469419815027455}}