{"Mean":{"confidence_interval":{"confidence_level":0.95,"lower_bound":0.16288117765166724,"upper_bound":0.46539730612210856},"point_estimate":0.3097177902482271,"standard_error":0.0770458401476879},"Median":{"confidence_interval":{"confidence_level":0.95,"lower_bound":0.12121646795289154,"upper_bound":0.5347997506389839},"point_estimate":0.30075965069589317,"standard_error":0.09654642913007881}}