{"Mean":{"confidence_interval":{"confidence_level":0.95,"lower_bound":-0.17516629055259159,"upper_bound":0.3720044571011316},"point_estimate":0.0008101051064126619,"standard_error":0.13184394341634326},"Median":{"confidence_interval":{"confidence_level":0.95,"lower_bound":-0.19990834405976,"upper_bound":0.4450924738237412},"point_estimate":-0.050672432735162753,"standard_error":0.2220660032157966}}