{"Mean":{"confidence_interval":{"confidence_level":0.95,"lower_bound":54.85687646756899,"upper_bound":106.52701361891819},"point_estimate":72.92261154995364,"standard_error":17.67400272391601},"Median":{"confidence_interval":{"confidence_level":0.95,"lower_bound":54.85687646756899,"upper_bound":106.52701361891819},"point_estimate":72.92261154995364,"standard_error":17.67400272391601}}