{"Mean":{"confidence_interval":{"confidence_level":0.95,"lower_bound":15520829975.679998,"upper_bound":19273821380.24},"point_estimate":17452783764.773335,"standard_error":926831225.7090244},"Median":{"confidence_interval":{"confidence_level":0.95,"lower_bound":14003472936.0,"upper_bound":20487250225.666668},"point_estimate":17796865535.2,"standard_error":1150476905.8095257},"MedianAbsDev":{"confidence_interval":{"confidence_level":0.95,"lower_bound":0.0,"upper_bound":4606464438.816709},"point_estimate":1017619328.9097666,"standard_error":1564687749.002419},"Slope":{"confidence_interval":{"confidence_level":0.95,"lower_bound":17336319322.76923,"upper_bound":19386651364.477272},"point_estimate":18138286492.927273,"standard_error":550715346.3246728},"StdDev":{"confidence_interval":{"confidence_level":0.95,"lower_bound":324218593.02743065,"upper_bound":3251257188.817231},"point_estimate":2319046339.523348,"standard_error":727077561.8237854}}