{"Mean":{"confidence_interval":{"confidence_level":0.95,"lower_bound":1031000602.0537976,"upper_bound":1140941452.5284762},"point_estimate":1080855234.5263095,"standard_error":28318542.73364343},"Median":{"confidence_interval":{"confidence_level":0.95,"lower_bound":1013282407.5,"upper_bound":1120978402.5714285},"point_estimate":1073343149.0625,"standard_error":25978858.80516881},"MedianAbsDev":{"confidence_interval":{"confidence_level":0.95,"lower_bound":10562046.073423816,"upper_bound":132710222.39599262},"point_estimate":79835039.7290947,"standard_error":30826716.272435598},"Slope":{"confidence_interval":{"confidence_level":0.95,"lower_bound":1070487674.6624306,"upper_bound":1165274481.0180535},"point_estimate":1115419354.3376622,"standard_error":23852877.50754437},"StdDev":{"confidence_interval":{"confidence_level":0.95,"lower_bound":38916484.938737325,"upper_bound":131699417.99119633},"point_estimate":94261314.64466098,"standard_error":26731688.93266697}}