{"Mean":{"confidence_interval":{"confidence_level":0.95,"lower_bound":40525514573.5,"upper_bound":55340740221.0},"point_estimate":47933127397.25,"standard_error":5223615797.24728},"Median":{"confidence_interval":{"confidence_level":0.95,"lower_bound":40525514573.5,"upper_bound":55340740221.0},"point_estimate":47933127397.25,"standard_error":5223615797.24728},"MedianAbsDev":{"confidence_interval":{"confidence_level":0.95,"lower_bound":0.0,"upper_bound":10982526577.512928},"point_estimate":10982526577.512928,"standard_error":5491208291.831764},"Slope":{"confidence_interval":{"confidence_level":0.95,"lower_bound":40525514573.5,"upper_bound":55340740221.0},"point_estimate":43488559703.0,"standard_error":5700778424.227343},"StdDev":{"confidence_interval":{"confidence_level":0.95,"lower_bound":0.0,"upper_bound":10475946520.156109},"point_estimate":10475946520.156109,"standard_error":5237920799.94117}}