{"Mean":{"confidence_interval":{"confidence_level":0.95,"lower_bound":665226096.3245208,"upper_bound":868522665.9372073},"point_estimate":752275359.811027,"standard_error":52686318.431961924},"Median":{"confidence_interval":{"confidence_level":0.95,"lower_bound":654268664.4166667,"upper_bound":682938888.8939395},"point_estimate":662423829.8088236,"standard_error":8855919.068543848},"MedianAbsDev":{"confidence_interval":{"confidence_level":0.95,"lower_bound":8448975.334035173,"upper_bound":68798301.38396099},"point_estimate":26269069.825218655,"standard_error":17654927.933888804},"Slope":{"confidence_interval":{"confidence_level":0.95,"lower_bound":659887509.5009018,"upper_bound":774916262.5335927},"point_estimate":709325015.2229965,"standard_error":30421347.770053424},"StdDev":{"confidence_interval":{"confidence_level":0.95,"lower_bound":45736258.71740846,"upper_bound":353920846.10666794},"point_estimate":242160296.491142,"standard_error":81551119.28348039}}