{"Mean":{"confidence_interval":{"confidence_level":0.95,"lower_bound":1368848808.5,"upper_bound":1506581162.0},"point_estimate":1437714985.25,"standard_error":48808342.14904404},"Median":{"confidence_interval":{"confidence_level":0.95,"lower_bound":1368848808.5,"upper_bound":1506581162.0},"point_estimate":1437714985.25,"standard_error":48808342.14904404},"MedianAbsDev":{"confidence_interval":{"confidence_level":0.95,"lower_bound":0.0,"upper_bound":102100991.83689505},"point_estimate":102100991.83689505,"standard_error":51050206.34612177},"Slope":{"confidence_interval":{"confidence_level":0.95,"lower_bound":1368848808.5,"upper_bound":1506581162.0},"point_estimate":1396395279.2,"standard_error":52857562.45260471},"StdDev":{"confidence_interval":{"confidence_level":0.95,"lower_bound":0.0,"upper_bound":97391481.14863272},"point_estimate":97391481.14863272,"standard_error":48695464.358761236}}