{"Mean":{"confidence_interval":{"confidence_level":0.95,"lower_bound":655768937.7514471,"upper_bound":709837905.5395558},"point_estimate":684569845.7694017,"standard_error":13786026.209615836},"Median":{"confidence_interval":{"confidence_level":0.95,"lower_bound":665020937.3611112,"upper_bound":716927851.8},"point_estimate":698962409.7294118,"standard_error":14779440.055092433},"MedianAbsDev":{"confidence_interval":{"confidence_level":0.95,"lower_bound":11950365.470023638,"upper_bound":69057018.30872944},"point_estimate":39437960.05482152,"standard_error":14276414.481995512},"Slope":{"confidence_interval":{"confidence_level":0.95,"lower_bound":689921520.6501397,"upper_bound":714617831.1867299},"point_estimate":702821547.2993032,"standard_error":6312667.231564803},"StdDev":{"confidence_interval":{"confidence_level":0.95,"lower_bound":30918398.18964919,"upper_bound":83934339.68296626},"point_estimate":63136868.83734272,"standard_error":13467809.69607952}}