{"Mean":{"confidence_interval":{"confidence_level":0.95,"lower_bound":955591939.9398581,"upper_bound":1187029398.868968},"point_estimate":1065432691.5567557,"standard_error":59153125.099314645},"Median":{"confidence_interval":{"confidence_level":0.95,"lower_bound":829617285.3666667,"upper_bound":1161378015.811111},"point_estimate":1011523272.9910715,"standard_error":90099929.46729928},"MedianAbsDev":{"confidence_interval":{"confidence_level":0.95,"lower_bound":50405254.11516788,"upper_bound":416538036.2231335},"point_estimate":285568720.5977867,"standard_error":97711521.27415718},"Slope":{"confidence_interval":{"confidence_level":0.95,"lower_bound":1041194966.1315956,"upper_bound":1260635022.704337},"point_estimate":1139688976.143554,"standard_error":55908187.44269709},"StdDev":{"confidence_interval":{"confidence_level":0.95,"lower_bound":172943683.87487528,"upper_bound":334595347.2160491},"point_estimate":271724681.92761713,"standard_error":41188198.063442886}}