{"Mean":{"confidence_interval":{"confidence_level":0.95,"lower_bound":-0.24658399314330945,"upper_bound":0.2500084656528801},"point_estimate":-0.02541134648694343,"standard_error":0.12822669135385167},"Median":{"confidence_interval":{"confidence_level":0.95,"lower_bound":-0.21146539948545373,"upper_bound":0.3625406023269262},"point_estimate":-0.02848865324587513,"standard_error":0.1582510963832613}}