{"Mean":{"confidence_interval":{"confidence_level":0.95,"lower_bound":-0.11232928586501367,"upper_bound":0.12117993490657415},"point_estimate":0.01664798905404119,"standard_error":0.06341602872638803},"Median":{"confidence_interval":{"confidence_level":0.95,"lower_bound":-0.13383409130215962,"upper_bound":0.11870578860399528},"point_estimate":0.07053638874293444,"standard_error":0.09372351926008313}}