{"Mean":{"confidence_interval":{"confidence_level":0.95,"lower_bound":-0.2043941692491207,"upper_bound":-0.011820338696873973},"point_estimate":-0.11455429547170914,"standard_error":0.04899332679177488},"Median":{"confidence_interval":{"confidence_level":0.95,"lower_bound":-0.2266314363177736,"upper_bound":0.03409635230435864},"point_estimate":-0.126391220953741,"standard_error":0.06520423970463149}}