{"Mean":{"confidence_interval":{"confidence_level":0.95,"lower_bound":1137959545.0,"upper_bound":1220264377.5},"point_estimate":1179111961.25,"standard_error":29020885.646326024},"Median":{"confidence_interval":{"confidence_level":0.95,"lower_bound":1137959545.0,"upper_bound":1220264377.5},"point_estimate":1179111961.25,"standard_error":29020885.646326024},"MedianAbsDev":{"confidence_interval":{"confidence_level":0.95,"lower_bound":0.0,"upper_bound":61012571.24906033},"point_estimate":61012571.24906033,"standard_error":30505996.658632886},"Slope":{"confidence_interval":{"confidence_level":0.95,"lower_bound":1137959545.0,"upper_bound":1220264377.5},"point_estimate":1154420511.5,"standard_error":31518588.484202903},"StdDev":{"confidence_interval":{"confidence_level":0.95,"lower_bound":0.0,"upper_bound":58198305.185172945},"point_estimate":58198305.185172945,"standard_error":29098876.955509644}}