{"Mean":{"confidence_interval":{"confidence_level":0.95,"lower_bound":22264639537.5,"upper_bound":25595352046.0},"point_estimate":23929995791.75,"standard_error":1179200765.8445575},"Median":{"confidence_interval":{"confidence_level":0.95,"lower_bound":22264639537.5,"upper_bound":25595352046.0},"point_estimate":23929995791.75,"standard_error":1179200765.8445575},"MedianAbsDev":{"confidence_interval":{"confidence_level":0.95,"lower_bound":0.0,"upper_bound":2469057138.716523},"point_estimate":2469057138.716523,"standard_error":1234530107.8423002},"Slope":{"confidence_interval":{"confidence_level":0.95,"lower_bound":22264639537.5,"upper_bound":25595352046.0},"point_estimate":22930782039.2,"standard_error":1281361419.607901},"StdDev":{"confidence_interval":{"confidence_level":0.95,"lower_bound":0.0,"upper_bound":2355169400.9432063},"point_estimate":2355169400.9432063,"standard_error":1177586167.9901223}}