{"Mean":{"confidence_interval":{"confidence_level":0.95,"lower_bound":20849049788.0,"upper_bound":22145754617.0},"point_estimate":21497402202.5,"standard_error":458711135.40054226},"Median":{"confidence_interval":{"confidence_level":0.95,"lower_bound":20849049788.0,"upper_bound":22145754617.0},"point_estimate":21497402202.5,"standard_error":458711135.40054226},"MedianAbsDev":{"confidence_interval":{"confidence_level":0.95,"lower_bound":0.0,"upper_bound":961247272.6721495},"point_estimate":961247272.6721495,"standard_error":480625727.16142076},"Slope":{"confidence_interval":{"confidence_level":0.95,"lower_bound":20849049788.0,"upper_bound":22145754617.0},"point_estimate":21886413651.2,"standard_error":497951966.66971475},"StdDev":{"confidence_interval":{"confidence_level":0.95,"lower_bound":0.0,"upper_bound":916908777.7832426},"point_estimate":916908777.7832426,"standard_error":458456383.2755478}}