{"Mean":{"confidence_interval":{"confidence_level":0.95,"lower_bound":6020459035.317706,"upper_bound":6125976505.846203},"point_estimate":6066861487.841242,"standard_error":27235699.018535666},"Median":{"confidence_interval":{"confidence_level":0.95,"lower_bound":6008728489.405882,"upper_bound":6077663899.789474},"point_estimate":6022001803.7625,"standard_error":16921463.914427623},"MedianAbsDev":{"confidence_interval":{"confidence_level":0.95,"lower_bound":19256312.72332921,"upper_bound":92715072.21521042},"point_estimate":50900550.93291876,"standard_error":20966176.95574513},"Slope":{"confidence_interval":{"confidence_level":0.95,"lower_bound":6020115313.81142,"upper_bound":6131063013.0392475},"point_estimate":6066796006.102091,"standard_error":28415303.759854175},"StdDev":{"confidence_interval":{"confidence_level":0.95,"lower_bound":41121050.00520939,"upper_bound":174650799.2389021},"point_estimate":125107572.49943091,"standard_error":35458925.701085076}}