{"Mean":{"confidence_interval":{"confidence_level":0.95,"lower_bound":1523977451.1488526,"upper_bound":1847798978.0285707},"point_estimate":1682079711.6271863,"standard_error":82832099.25118534},"Median":{"confidence_interval":{"confidence_level":0.95,"lower_bound":1539242769.1865385,"upper_bound":1819247290.7727273},"point_estimate":1635997377.84375,"standard_error":79313413.52864237},"MedianAbsDev":{"confidence_interval":{"confidence_level":0.95,"lower_bound":112632822.06611611,"upper_bound":550646854.0469941},"point_estimate":271686316.08510536,"standard_error":115307386.38579813},"Slope":{"confidence_interval":{"confidence_level":0.95,"lower_bound":1408302440.7439697,"upper_bound":1682846576.5646195},"point_estimate":1537538965.7393727,"standard_error":70170861.4397659},"StdDev":{"confidence_interval":{"confidence_level":0.95,"lower_bound":239063910.28838265,"upper_bound":488551795.9304268},"point_estimate":380472910.06251436,"standard_error":64262250.034400105}}