{"Mean":{"confidence_interval":{"confidence_level":0.95,"lower_bound":-0.13253935374677708,"upper_bound":0.2513863009240357},"point_estimate":0.04150061148153261,"standard_error":0.09864118127761025},"Median":{"confidence_interval":{"confidence_level":0.95,"lower_bound":-0.07493423256807374,"upper_bound":0.03811360083708304},"point_estimate":-0.021216067069510403,"standard_error":0.03287010655971822}}