{"Mean":{"confidence_interval":{"confidence_level":0.95,"lower_bound":0.029131285413677595,"upper_bound":0.24363806329833346},"point_estimate":0.13114004255982192,"standard_error":0.054776626516008335},"Median":{"confidence_interval":{"confidence_level":0.95,"lower_bound":0.03276343872135201,"upper_bound":0.3085351620868568},"point_estimate":0.16606629101206827,"standard_error":0.06691830552543007}}