{"Mean":{"confidence_interval":{"confidence_level":0.95,"lower_bound":1099883813.0,"upper_bound":1109650374.0},"point_estimate":1104767093.5,"standard_error":3449494.0561556313},"Median":{"confidence_interval":{"confidence_level":0.95,"lower_bound":1099883813.0,"upper_bound":1109650374.0},"point_estimate":1104767093.5,"standard_error":3449494.0561556313},"MedianAbsDev":{"confidence_interval":{"confidence_level":0.95,"lower_bound":0.0,"upper_bound":7239951.540765166},"point_estimate":7239951.540765166,"standard_error":3619986.337906815},"Slope":{"confidence_interval":{"confidence_level":0.95,"lower_bound":1099883813.0,"upper_bound":1109650374.0},"point_estimate":1101837125.2,"standard_error":3752065.5704894112},"StdDev":{"confidence_interval":{"confidence_level":0.95,"lower_bound":0.0,"upper_bound":6906001.511972069},"point_estimate":6906001.511972069,"standard_error":3453010.8360729073}}