{"Mean":{"confidence_interval":{"confidence_level":0.95,"lower_bound":1446798271.6750567,"upper_bound":1647898835.3705008},"point_estimate":1548732027.736588,"standard_error":51277892.92769474},"Median":{"confidence_interval":{"confidence_level":0.95,"lower_bound":1440800394.5625,"upper_bound":1667804501.285965},"point_estimate":1583545025.0974026,"standard_error":66617030.46808312},"MedianAbsDev":{"confidence_interval":{"confidence_level":0.95,"lower_bound":112647857.07234076,"upper_bound":367983381.4557142},"point_estimate":242251838.3549476,"standard_error":66634578.73859304},"Slope":{"confidence_interval":{"confidence_level":0.95,"lower_bound":1535723680.5204678,"upper_bound":1692327358.2070563},"point_estimate":1624083315.6616726,"standard_error":40008076.84053084},"StdDev":{"confidence_interval":{"confidence_level":0.95,"lower_bound":165561568.72904232,"upper_bound":286314216.47377646},"point_estimate":235824580.63346562,"standard_error":30744427.829968628}}