{"Mean":{"confidence_interval":{"confidence_level":0.95,"lower_bound":98915454321.8,"upper_bound":115618029199.4},"point_estimate":106811404771.73334,"standard_error":4254799602.9320583},"Median":{"confidence_interval":{"confidence_level":0.95,"lower_bound":93516862185.0,"upper_bound":122838855365.0},"point_estimate":104786789951.0,"standard_error":5482954803.216808},"MedianAbsDev":{"confidence_interval":{"confidence_level":0.95,"lower_bound":0.0,"upper_bound":20161818126.497375},"point_estimate":6602173581.143188,"standard_error":6469071038.678029},"Slope":{"confidence_interval":{"confidence_level":0.95,"lower_bound":95179499755.475,"upper_bound":112410165472.3793},"point_estimate":100875947303.56363,"standard_error":4691325386.525914},"StdDev":{"confidence_interval":{"confidence_level":0.95,"lower_bound":2308165005.3650703,"upper_bound":14739222861.664469},"point_estimate":10647301024.254927,"standard_error":3205776299.770912}}