{"Mean":{"confidence_interval":{"confidence_level":0.95,"lower_bound":99642894539.0,"upper_bound":112530258607.0},"point_estimate":106086576573.0,"standard_error":4563531876.179763},"Median":{"confidence_interval":{"confidence_level":0.95,"lower_bound":99642894539.0,"upper_bound":112530258607.0},"point_estimate":106086576573.0,"standard_error":4563531876.179763},"MedianAbsDev":{"confidence_interval":{"confidence_level":0.95,"lower_bound":0.0,"upper_bound":9553402814.001596},"point_estimate":9553402814.001596,"standard_error":4776701742.329888},"Slope":{"confidence_interval":{"confidence_level":0.95,"lower_bound":99642894539.0,"upper_bound":112530258607.0},"point_estimate":102220367352.6,"standard_error":4957361211.75488},"StdDev":{"confidence_interval":{"confidence_level":0.95,"lower_bound":0.0,"upper_bound":9112742524.102652},"point_estimate":9112742524.102652,"standard_error":4556371581.915558}}