{"Mean":{"confidence_interval":{"confidence_level":0.95,"lower_bound":37349461026.2,"upper_bound":41343588526.65},"point_estimate":39282686522.076675,"standard_error":1025880739.9483688},"Median":{"confidence_interval":{"confidence_level":0.95,"lower_bound":36305536707.0,"upper_bound":43041685279.333336},"point_estimate":39473323828.8,"standard_error":1477315800.3442085},"MedianAbsDev":{"confidence_interval":{"confidence_level":0.95,"lower_bound":0.0,"upper_bound":4696561103.400057},"point_estimate":2761908393.1896086,"standard_error":1586943426.5452561},"Slope":{"confidence_interval":{"confidence_level":0.95,"lower_bound":38866505885.2,"upper_bound":41776139869.931816},"point_estimate":40012266970.781815,"standard_error":741124133.4762392},"StdDev":{"confidence_interval":{"confidence_level":0.95,"lower_bound":916924024.8245115,"upper_bound":3369306106.2706423},"point_estimate":2564951175.987972,"standard_error":692119201.611526}}