{"Mean":{"confidence_interval":{"confidence_level":0.95,"lower_bound":3928310663.9,"upper_bound":5840699681.24},"point_estimate":4867124323.38,"standard_error":470796176.3179623},"Median":{"confidence_interval":{"confidence_level":0.95,"lower_bound":3271798700.5,"upper_bound":6526377049.4},"point_estimate":4913078609.0,"standard_error":610702177.6735508},"MedianAbsDev":{"confidence_interval":{"confidence_level":0.95,"lower_bound":0.0,"upper_bound":2391876225.272748},"point_estimate":670618489.0073419,"standard_error":750052707.2092402},"Slope":{"confidence_interval":{"confidence_level":0.95,"lower_bound":3496521004.894737,"upper_bound":6338409819.275862},"point_estimate":5140591601.145454,"standard_error":825832235.0761132},"StdDev":{"confidence_interval":{"confidence_level":0.95,"lower_bound":254569860.11726156,"upper_bound":1631583567.646913},"point_estimate":1178276252.2346432,"standard_error":340034303.3014418}}