{"Mean":{"confidence_interval":{"confidence_level":0.95,"lower_bound":1241569755.994504,"upper_bound":1296190436.957464},"point_estimate":1268789634.200764,"standard_error":13977638.048537016},"Median":{"confidence_interval":{"confidence_level":0.95,"lower_bound":1223854835.35,"upper_bound":1313113603.0625},"point_estimate":1257072336.3863635,"standard_error":22096155.76411132},"MedianAbsDev":{"confidence_interval":{"confidence_level":0.95,"lower_bound":37349940.29268095,"upper_bound":108859742.63767818},"point_estimate":80340121.73496522,"standard_error":19348470.625903346},"Slope":{"confidence_interval":{"confidence_level":0.95,"lower_bound":1215661395.989359,"upper_bound":1284609020.9928222},"point_estimate":1246016393.867596,"standard_error":17692224.137394298},"StdDev":{"confidence_interval":{"confidence_level":0.95,"lower_bound":48521560.27245213,"upper_bound":74537087.80409163},"point_estimate":64199914.42712333,"standard_error":6641442.424369847}}