{"Mean":{"confidence_interval":{"confidence_level":0.95,"lower_bound":24139266028.450005,"upper_bound":26445198232.5},"point_estimate":25356577895.783333,"standard_error":593497510.6242803},"Median":{"confidence_interval":{"confidence_level":0.95,"lower_bound":23149479207.666668,"upper_bound":26929233436.0},"point_estimate":25456284316.0,"standard_error":893555634.323358},"MedianAbsDev":{"confidence_interval":{"confidence_level":0.95,"lower_bound":0.0,"upper_bound":2435605339.41596},"point_estimate":1481615039.891325,"standard_error":838933290.3543051},"Slope":{"confidence_interval":{"confidence_level":0.95,"lower_bound":23967906343.83019,"upper_bound":26524475227.53846},"point_estimate":25174822982.272728,"standard_error":632216567.4322186},"StdDev":{"confidence_interval":{"confidence_level":0.95,"lower_bound":540301932.1692939,"upper_bound":1907144080.406311},"point_estimate":1490034018.0599039,"standard_error":398973558.8003315}}