{"Mean":{"confidence_interval":{"confidence_level":0.95,"lower_bound":107908506.03710756,"upper_bound":116300004.50996849},"point_estimate":112339860.28958325,"standard_error":2138170.690535101},"Median":{"confidence_interval":{"confidence_level":0.95,"lower_bound":107666811.34615386,"upper_bound":118222180.90625},"point_estimate":116439980.16666667,"standard_error":3154516.9867018294},"MedianAbsDev":{"confidence_interval":{"confidence_level":0.95,"lower_bound":3349797.386307047,"upper_bound":14032436.988924433},"point_estimate":8464241.443874408,"standard_error":2790424.094218142},"Slope":{"confidence_interval":{"confidence_level":0.95,"lower_bound":107420909.67972143,"upper_bound":117511026.88393527},"point_estimate":112310359.20418118,"standard_error":2589804.682109058},"StdDev":{"confidence_interval":{"confidence_level":0.95,"lower_bound":6063601.039375449,"upper_bound":12756679.316507986},"point_estimate":9820831.153352339,"standard_error":1770608.279487441}}