{"Mean":{"confidence_interval":{"confidence_level":0.95,"lower_bound":468446588.32666665,"upper_bound":574037294.2981548},"point_estimate":517488394.81952393,"standard_error":27228492.076065056},"Median":{"confidence_interval":{"confidence_level":0.95,"lower_bound":442697321.4666667,"upper_bound":575200491.5},"point_estimate":504297161.8333334,"standard_error":37740715.01811707},"MedianAbsDev":{"confidence_interval":{"confidence_level":0.95,"lower_bound":13146232.647367751,"upper_bound":152745516.04069498},"point_estimate":97901038.02990921,"standard_error":35050466.21139756},"Slope":{"confidence_interval":{"confidence_level":0.95,"lower_bound":490466317.4045018,"upper_bound":609855993.9432374},"point_estimate":557507904.5298702,"standard_error":29908953.273261588},"StdDev":{"confidence_interval":{"confidence_level":0.95,"lower_bound":43772012.249268256,"upper_bound":122271082.5136847},"point_estimate":90841891.48382232,"standard_error":22118377.019046623}}