{"Mean":{"confidence_interval":{"confidence_level":0.95,"lower_bound":989336370.9089137,"upper_bound":1047173362.600119},"point_estimate":1017707986.8712301,"standard_error":14848591.494243262},"Median":{"confidence_interval":{"confidence_level":0.95,"lower_bound":968335393.5,"upper_bound":1049019093.2333333},"point_estimate":1025080220.1964285,"standard_error":20801087.075434092},"MedianAbsDev":{"confidence_interval":{"confidence_level":0.95,"lower_bound":7840581.2889685035,"upper_bound":90958457.73100965},"point_estimate":53735102.6395112,"standard_error":20645080.532635417},"Slope":{"confidence_interval":{"confidence_level":0.95,"lower_bound":984075333.6504673,"upper_bound":1047555561.6570743},"point_estimate":1016489134.1272727,"standard_error":16331755.890601765},"StdDev":{"confidence_interval":{"confidence_level":0.95,"lower_bound":28733116.131437358,"upper_bound":62794412.64079626},"point_estimate":49397362.20129312,"standard_error":9001132.696293565}}