{"Mean":{"confidence_interval":{"confidence_level":0.95,"lower_bound":10381150203.41,"upper_bound":16966726984.35},"point_estimate":13248176670.41,"standard_error":1641717472.365845},"Median":{"confidence_interval":{"confidence_level":0.95,"lower_bound":8850359141.5,"upper_bound":19999441768.0},"point_estimate":12555772824.8,"standard_error":2025818283.7352376},"MedianAbsDev":{"confidence_interval":{"confidence_level":0.95,"lower_bound":0.0,"upper_bound":5854107711.147062},"point_estimate":770009015.3680862,"standard_error":2016522837.0768008},"Slope":{"confidence_interval":{"confidence_level":0.95,"lower_bound":11332821665.72973,"upper_bound":13151705868.363636},"point_estimate":12407368925.236364,"standard_error":498608436.78799474},"StdDev":{"confidence_interval":{"confidence_level":0.95,"lower_bound":284467364.5535042,"upper_bound":5636864241.095357},"point_estimate":4094814788.4926567,"standard_error":1475896879.4725347}}