{"Mean":{"confidence_interval":{"confidence_level":0.95,"lower_bound":637643229.8664151,"upper_bound":921306762.7728941},"point_estimate":773476221.7910148,"standard_error":72467555.32499102},"Median":{"confidence_interval":{"confidence_level":0.95,"lower_bound":489722543.0555556,"upper_bound":913261661.025},"point_estimate":742451596.2638888,"standard_error":149441935.4325669},"MedianAbsDev":{"confidence_interval":{"confidence_level":0.95,"lower_bound":51930022.54323776,"upper_bound":596633317.6671697},"point_estimate":374696087.6344896,"standard_error":150375666.34217593},"Slope":{"confidence_interval":{"confidence_level":0.95,"lower_bound":618490384.4208814,"upper_bound":890082880.1596414},"point_estimate":754227946.6700349,"standard_error":69070703.40524693},"StdDev":{"confidence_interval":{"confidence_level":0.95,"lower_bound":220514274.95824623,"upper_bound":414568472.478088},"point_estimate":332552939.7907345,"standard_error":50215361.47246639}}