{"Mean":{"confidence_interval":{"confidence_level":0.95,"lower_bound":11828735176.582405,"upper_bound":13451650240.684986},"point_estimate":12622506242.698742,"standard_error":415266282.6576893},"Median":{"confidence_interval":{"confidence_level":0.95,"lower_bound":12024091444.522728,"upper_bound":13367495878.472221},"point_estimate":12413064201.642105,"standard_error":336239805.8049385},"MedianAbsDev":{"confidence_interval":{"confidence_level":0.95,"lower_bound":445743988.3612972,"upper_bound":2718991936.0949726},"point_estimate":1462083057.5971706,"standard_error":528634315.1729324},"Slope":{"confidence_interval":{"confidence_level":0.95,"lower_bound":12523775201.73232,"upper_bound":13993353401.39347},"point_estimate":13183290012.185715,"standard_error":376017302.6960203},"StdDev":{"confidence_interval":{"confidence_level":0.95,"lower_bound":1183107574.0159075,"upper_bound":2417592879.5682535},"point_estimate":1905587285.186768,"standard_error":316507735.34423465}}