{"Mean":{"confidence_interval":{"confidence_level":0.95,"lower_bound":-0.35523712058048157,"upper_bound":0.23791483449874276},"point_estimate":-0.12048238119529586,"standard_error":0.15167170056998533},"Median":{"confidence_interval":{"confidence_level":0.95,"lower_bound":-0.41840216199767444,"upper_bound":0.2206278662953718},"point_estimate":0.08266595514426345,"standard_error":0.14415798398599924}}