{"Mean":{"confidence_interval":{"confidence_level":0.95,"lower_bound":1540264145.0,"upper_bound":1823891533.0},"point_estimate":1682077839.0,"standard_error":100197131.45819978},"Median":{"confidence_interval":{"confidence_level":0.95,"lower_bound":1540264145.0,"upper_bound":1823891533.0},"point_estimate":1682077839.0,"standard_error":100197131.45819978},"MedianAbsDev":{"confidence_interval":{"confidence_level":0.95,"lower_bound":0.0,"upper_bound":210252978.99166346},"point_estimate":210252978.99166346,"standard_error":105126880.56954488},"Slope":{"confidence_interval":{"confidence_level":0.95,"lower_bound":1540264145.0,"upper_bound":1823891533.0},"point_estimate":1596989622.6,"standard_error":108936988.65257028},"StdDev":{"confidence_interval":{"confidence_level":0.95,"lower_bound":0.0,"upper_bound":200554849.385028},"point_estimate":200554849.385028,"standard_error":100277797.727474}}