{"Mean":{"confidence_interval":{"confidence_level":0.95,"lower_bound":6532605036.30997,"upper_bound":6690049403.580906},"point_estimate":6599662881.222788,"standard_error":40817922.7214961},"Median":{"confidence_interval":{"confidence_level":0.95,"lower_bound":6507421118.833333,"upper_bound":6650663608.971429},"point_estimate":6571752931.05625,"standard_error":38366819.86938798},"MedianAbsDev":{"confidence_interval":{"confidence_level":0.95,"lower_bound":47281029.30855403,"upper_bound":152697442.5199728},"point_estimate":123514195.39100684,"standard_error":26820604.837425657},"Slope":{"confidence_interval":{"confidence_level":0.95,"lower_bound":6541714228.4225645,"upper_bound":6688658289.528201},"point_estimate":6598105329.216724,"standard_error":38049557.25565839},"StdDev":{"confidence_interval":{"confidence_level":0.95,"lower_bound":72927366.41029815,"upper_bound":289166030.8284741},"point_estimate":187132918.5429504,"standard_error":65946015.382685356}}