{"Mean":{"confidence_interval":{"confidence_level":0.95,"lower_bound":14457645054.71839,"upper_bound":16767962383.321743},"point_estimate":15548630705.154812,"standard_error":590762404.6700668},"Median":{"confidence_interval":{"confidence_level":0.95,"lower_bound":13668443674.921053,"upper_bound":16314714112.333332},"point_estimate":15010826523.357143,"standard_error":712460543.3646022},"MedianAbsDev":{"confidence_interval":{"confidence_level":0.95,"lower_bound":876403602.1782155,"upper_bound":3734599714.320883},"point_estimate":2456718280.4391804,"standard_error":745138311.973515},"Slope":{"confidence_interval":{"confidence_level":0.95,"lower_bound":13689171468.452042,"upper_bound":15951528244.8806},"point_estimate":14633560142.529617,"standard_error":574762869.5142798},"StdDev":{"confidence_interval":{"confidence_level":0.95,"lower_bound":1669974726.9233973,"upper_bound":3447369200.0950646},"point_estimate":2717779723.218185,"standard_error":457508634.9909864}}