{"Mean":{"confidence_interval":{"confidence_level":0.95,"lower_bound":87988113084.0,"upper_bound":98195212039.0},"point_estimate":93091662561.5,"standard_error":3610899780.1263223},"Median":{"confidence_interval":{"confidence_level":0.95,"lower_bound":87988113084.0,"upper_bound":98195212039.0},"point_estimate":93091662561.5,"standard_error":3610899780.1263223},"MedianAbsDev":{"confidence_interval":{"confidence_level":0.95,"lower_bound":0.0,"upper_bound":7566522321.008876},"point_estimate":7566522321.008876,"standard_error":3783277443.030521},"Slope":{"confidence_interval":{"confidence_level":0.95,"lower_bound":87988113084.0,"upper_bound":98195212039.0},"point_estimate":90029532875.0,"standard_error":3918756428.596797},"StdDev":{"confidence_interval":{"confidence_level":0.95,"lower_bound":0.0,"upper_bound":7217508887.322623},"point_estimate":7217508887.322623,"standard_error":3608769975.1435246}}