{"Mean":{"confidence_interval":{"confidence_level":0.95,"lower_bound":1168935460.1759524,"upper_bound":1340649135.6609006},"point_estimate":1247293021.8131745,"standard_error":43860152.010580055},"Median":{"confidence_interval":{"confidence_level":0.95,"lower_bound":1185885092.9583335,"upper_bound":1285034524.625},"point_estimate":1227483132.5714285,"standard_error":24327739.769532964},"MedianAbsDev":{"confidence_interval":{"confidence_level":0.95,"lower_bound":13167183.801802296,"upper_bound":188431174.86477792},"point_estimate":48332748.45072874,"standard_error":43348671.73621372},"Slope":{"confidence_interval":{"confidence_level":0.95,"lower_bound":1094246469.1147542,"upper_bound":1268669798.8716815},"point_estimate":1180641328.096104,"standard_error":48130656.8863897},"StdDev":{"confidence_interval":{"confidence_level":0.95,"lower_bound":35804294.14314168,"upper_bound":213368867.09341437},"point_estimate":146755817.55510667,"standard_error":47869700.11473966}}