{"Mean":{"confidence_interval":{"confidence_level":0.95,"lower_bound":1619146838.0,"upper_bound":2057242601.0},"point_estimate":1838194719.5,"standard_error":155161458.26199454},"Median":{"confidence_interval":{"confidence_level":0.95,"lower_bound":1619146838.0,"upper_bound":2057242601.0},"point_estimate":1838194719.5,"standard_error":155161458.26199454},"MedianAbsDev":{"confidence_interval":{"confidence_level":0.95,"lower_bound":0.0,"upper_bound":324760383.34625065},"point_estimate":324760383.34625065,"standard_error":162380008.99352938},"Slope":{"confidence_interval":{"confidence_level":0.95,"lower_bound":1619146838.0,"upper_bound":2057242601.0},"point_estimate":1706765990.6,"standard_error":167981390.84935656},"StdDev":{"confidence_interval":{"confidence_level":0.95,"lower_bound":0.0,"upper_bound":309780484.82639456},"point_estimate":309780484.82639456,"standard_error":154890068.15980232}}