{"Mean":{"confidence_interval":{"confidence_level":0.95,"lower_bound":-0.012390165610469205,"upper_bound":0.1632726392542717},"point_estimate":0.06468805522895349,"standard_error":0.044636678498994546},"Median":{"confidence_interval":{"confidence_level":0.95,"lower_bound":-0.02923777879155487,"upper_bound":0.046908846476480096},"point_estimate":0.0006193936150662438,"standard_error":0.018808531857413335}}