{"Mean":{"confidence_interval":{"confidence_level":0.95,"lower_bound":-0.18475450470351157,"upper_bound":0.08865424309567693},"point_estimate":-0.05436026346008371,"standard_error":0.07040223963229432},"Median":{"confidence_interval":{"confidence_level":0.95,"lower_bound":-0.17875672748200552,"upper_bound":0.1009405994506214},"point_estimate":0.03499162371581388,"standard_error":0.07378417854245803}}