{"Mean":{"confidence_interval":{"confidence_level":0.95,"lower_bound":369304591.6882084,"upper_bound":428708580.2539613},"point_estimate":398995715.8496429,"standard_error":15137312.276119292},"Median":{"confidence_interval":{"confidence_level":0.95,"lower_bound":364016485.8875,"upper_bound":436728700.78571427},"point_estimate":395455125.5,"standard_error":16521956.605429588},"MedianAbsDev":{"confidence_interval":{"confidence_level":0.95,"lower_bound":11761135.642098108,"upper_bound":86977517.40365289},"point_estimate":40219648.8791585,"standard_error":21238450.7244923},"Slope":{"confidence_interval":{"confidence_level":0.95,"lower_bound":364024022.5787009,"upper_bound":417901133.58121175},"point_estimate":390735453.94545454,"standard_error":13691525.9496356},"StdDev":{"confidence_interval":{"confidence_level":0.95,"lower_bound":26479284.49982992,"upper_bound":65097005.72537216},"point_estimate":50430680.2080285,"standard_error":9932128.097969778}}