{"Mean":{"confidence_interval":{"confidence_level":0.95,"lower_bound":119111583.20429057,"upper_bound":145951060.1382557},"point_estimate":131123425.2087609,"standard_error":6916938.073002069},"Median":{"confidence_interval":{"confidence_level":0.95,"lower_bound":113980989.7326389,"upper_bound":129385584.27777778},"point_estimate":116705028.94117647,"standard_error":4518960.0866837725},"MedianAbsDev":{"confidence_interval":{"confidence_level":0.95,"lower_bound":3367861.109059016,"upper_bound":26021831.30492014},"point_estimate":9413275.740624186,"standard_error":5764444.172528639},"Slope":{"confidence_interval":{"confidence_level":0.95,"lower_bound":117077407.78526734,"upper_bound":138212186.94867307},"point_estimate":125729523.09128919,"standard_error":5458024.71253741},"StdDev":{"confidence_interval":{"confidence_level":0.95,"lower_bound":11997883.971831277,"upper_bound":42937156.37213937},"point_estimate":31637397.306107823,"standard_error":7752876.1063599335}}