{"Mean":{"confidence_interval":{"confidence_level":0.95,"lower_bound":389387236.96253973,"upper_bound":436451939.20869046},"point_estimate":412176980.49753964,"standard_error":12051483.022362342},"Median":{"confidence_interval":{"confidence_level":0.95,"lower_bound":380707996.0,"upper_bound":444717789.71428573},"point_estimate":406689130.575,"standard_error":16690179.617499612},"MedianAbsDev":{"confidence_interval":{"confidence_level":0.95,"lower_bound":12721524.966794478,"upper_bound":70512047.77446091},"point_estimate":45855529.6589966,"standard_error":14985140.453705546},"Slope":{"confidence_interval":{"confidence_level":0.95,"lower_bound":387062760.0641383,"upper_bound":446390190.5127701},"point_estimate":419992013.3116883,"standard_error":15485311.888103632},"StdDev":{"confidence_interval":{"confidence_level":0.95,"lower_bound":21657857.799161993,"upper_bound":49541863.17624567},"point_estimate":40290073.00331095,"standard_error":6922559.379012246}}