{"Mean":{"confidence_interval":{"confidence_level":0.95,"lower_bound":431420856.7719444,"upper_bound":490906215.53473204},"point_estimate":458021937.59289676,"standard_error":15294990.889603596},"Median":{"confidence_interval":{"confidence_level":0.95,"lower_bound":424291700.1111111,"upper_bound":473207198.125},"point_estimate":454042097.07142854,"standard_error":14480637.432336157},"MedianAbsDev":{"confidence_interval":{"confidence_level":0.95,"lower_bound":5449655.720511777,"upper_bound":68851296.57584512},"point_estimate":30846418.878804144,"standard_error":16027206.529431365},"Slope":{"confidence_interval":{"confidence_level":0.95,"lower_bound":412061816.12261903,"upper_bound":467429565.59266764},"point_estimate":437023084.6857143,"standard_error":14723846.120533967},"StdDev":{"confidence_interval":{"confidence_level":0.95,"lower_bound":18617416.750400618,"upper_bound":72770491.35163394},"point_estimate":50972312.186036296,"standard_error":15867839.540496288}}