{"Mean":{"confidence_interval":{"confidence_level":0.95,"lower_bound":810019664.17966,"upper_bound":1086610829.8811517},"point_estimate":939520091.7650152,"standard_error":70611612.08637062},"Median":{"confidence_interval":{"confidence_level":0.95,"lower_bound":682977399.1388888,"upper_bound":1058941657.2},"point_estimate":882781488.5058824,"standard_error":103116362.10488272},"MedianAbsDev":{"confidence_interval":{"confidence_level":0.95,"lower_bound":89591736.21983872,"upper_bound":466366461.26388234},"point_estimate":298186166.4183831,"standard_error":89247481.98961397},"Slope":{"confidence_interval":{"confidence_level":0.95,"lower_bound":783508994.6276114,"upper_bound":958392479.8602384},"point_estimate":869756917.4522648,"standard_error":44581633.54723017},"StdDev":{"confidence_interval":{"confidence_level":0.95,"lower_bound":181083618.2312187,"upper_bound":418934157.4305546},"point_estimate":323191432.0050941,"standard_error":61935743.0711856}}