{"Mean":{"confidence_interval":{"confidence_level":0.95,"lower_bound":922156211.0964376,"upper_bound":975470110.3319854},"point_estimate":949688718.1500454,"standard_error":13642507.55601191},"Median":{"confidence_interval":{"confidence_level":0.95,"lower_bound":922826974.8708792,"upper_bound":989890943.9761904},"point_estimate":969448579.7222222,"standard_error":18994145.251952533},"MedianAbsDev":{"confidence_interval":{"confidence_level":0.95,"lower_bound":26730231.495871194,"upper_bound":98093143.16022396},"point_estimate":56787912.73751305,"standard_error":17323715.25434037},"Slope":{"confidence_interval":{"confidence_level":0.95,"lower_bound":912516794.1472487,"upper_bound":961947126.5977094},"point_estimate":938160496.0017421,"standard_error":12593843.349318333},"StdDev":{"confidence_interval":{"confidence_level":0.95,"lower_bound":42004969.40336572,"upper_bound":75936704.02119109},"point_estimate":62858225.62704807,"standard_error":8623035.669209927}}