{"Mean":{"confidence_interval":{"confidence_level":0.95,"lower_bound":1748453355.0,"upper_bound":1750867181.0},"point_estimate":1749660268.0,"standard_error":854790.3925671325},"Median":{"confidence_interval":{"confidence_level":0.95,"lower_bound":1748453355.0,"upper_bound":1750867181.0},"point_estimate":1749660268.0,"standard_error":854790.3925671325},"MedianAbsDev":{"confidence_interval":{"confidence_level":0.95,"lower_bound":0.0,"upper_bound":1789369.1820323467},"point_estimate":1789369.1820323467,"standard_error":894684.3684161253},"Slope":{"confidence_interval":{"confidence_level":0.95,"lower_bound":1748453355.0,"upper_bound":1750867181.0},"point_estimate":1750384415.8,"standard_error":924497.3374624832},"StdDev":{"confidence_interval":{"confidence_level":0.95,"lower_bound":0.0,"upper_bound":1706832.7332043992},"point_estimate":1706832.7332043992,"standard_error":853416.154270155}}