{"Mean":{"confidence_interval":{"confidence_level":0.95,"lower_bound":7308096877.91899,"upper_bound":7639007574.874374},"point_estimate":7468385854.174959,"standard_error":84379294.01111004},"Median":{"confidence_interval":{"confidence_level":0.95,"lower_bound":7295963060.038889,"upper_bound":7690201046.0},"point_estimate":7370765431.277273,"standard_error":88374804.04024674},"MedianAbsDev":{"confidence_interval":{"confidence_level":0.95,"lower_bound":71633755.18559183,"upper_bound":618815565.4355978},"point_estimate":376367818.5007855,"standard_error":146426716.2591656},"Slope":{"confidence_interval":{"confidence_level":0.95,"lower_bound":7228414232.021671,"upper_bound":7558145724.006291},"point_estimate":7364542591.318815,"standard_error":84638464.60900256},"StdDev":{"confidence_interval":{"confidence_level":0.95,"lower_bound":254708828.97356325,"upper_bound":475124673.27522737},"point_estimate":386952987.223987,"standard_error":56234699.778942846}}