{"Mean":{"confidence_interval":{"confidence_level":0.95,"lower_bound":35540905649.5,"upper_bound":36271016521.0},"point_estimate":35905961085.25,"standard_error":257419140.75248495},"Median":{"confidence_interval":{"confidence_level":0.95,"lower_bound":35540905649.5,"upper_bound":36271016521.0},"point_estimate":35905961085.25,"standard_error":257419140.75248495},"MedianAbsDev":{"confidence_interval":{"confidence_level":0.95,"lower_bound":0.0,"upper_bound":541231179.4341757},"point_estimate":541231179.4341757,"standard_error":270612819.8705408},"Slope":{"confidence_interval":{"confidence_level":0.95,"lower_bound":35540905649.5,"upper_bound":36271016521.0},"point_estimate":35686927823.8,"standard_error":280618522.6813282},"StdDev":{"confidence_interval":{"confidence_level":0.95,"lower_bound":0.0,"upper_bound":516266348.25567},"point_estimate":516266348.25567,"standard_error":258130532.04328737}}