{"Mean":{"confidence_interval":{"confidence_level":0.95,"lower_bound":-0.17199589321137598,"upper_bound":0.21623911464302664},"point_estimate":0.003978395852454186,"standard_error":0.09917239996298652},"Median":{"confidence_interval":{"confidence_level":0.95,"lower_bound":-0.2516894042916952,"upper_bound":0.2887350652225338},"point_estimate":0.0605177829096728,"standard_error":0.1486103948548641}}