{"Mean":{"confidence_interval":{"confidence_level":0.95,"lower_bound":-0.05900502593755361,"upper_bound":0.08472459891161019},"point_estimate":0.0075428232367611425,"standard_error":0.03674286161431071},"Median":{"confidence_interval":{"confidence_level":0.95,"lower_bound":-0.08250720810861256,"upper_bound":0.1912828353778806},"point_estimate":-0.0034060149218970714,"standard_error":0.06564455623831775}}