{"Mean":{"confidence_interval":{"confidence_level":0.95,"lower_bound":-0.07421240227991016,"upper_bound":0.035207360106359255},"point_estimate":-0.02237024813012034,"standard_error":0.027871751805535628},"Median":{"confidence_interval":{"confidence_level":0.95,"lower_bound":-0.08314557750969986,"upper_bound":0.06715954945369806},"point_estimate":0.02226365036212652,"standard_error":0.039597334467406015}}