{"Mean":{"confidence_interval":{"confidence_level":0.95,"lower_bound":0.03156868777545009,"upper_bound":0.11788464092346246},"point_estimate":0.0740979244874238,"standard_error":0.022176329668155255},"Median":{"confidence_interval":{"confidence_level":0.95,"lower_bound":0.0105687952161293,"upper_bound":0.09491719337540827},"point_estimate":0.0499708944970747,"standard_error":0.01895485211849828}}