{"Mean":{"confidence_interval":{"confidence_level":0.95,"lower_bound":1014922803.5,"upper_bound":1942297286.5},"point_estimate":1478610045.0,"standard_error":327117235.5158006},"Median":{"confidence_interval":{"confidence_level":0.95,"lower_bound":1014922803.5,"upper_bound":1942297286.5},"point_estimate":1478610045.0,"standard_error":327117235.5158006},"MedianAbsDev":{"confidence_interval":{"confidence_level":0.95,"lower_bound":0.0,"upper_bound":687462692.0429975},"point_estimate":687462692.0429975,"standard_error":343729396.2835256},"Slope":{"confidence_interval":{"confidence_level":0.95,"lower_bound":1014922803.5,"upper_bound":1942297286.5},"point_estimate":1200397700.1,"standard_error":356464633.44838},"StdDev":{"confidence_interval":{"confidence_level":0.95,"lower_bound":0.0,"upper_bound":655752785.6286687},"point_estimate":655752785.6286687,"standard_error":327874533.0099855}}