{"Mean":{"confidence_interval":{"confidence_level":0.95,"lower_bound":169314125.72777817,"upper_bound":312995400.26427484},"point_estimate":234395041.4652372,"standard_error":36589066.5053212},"Median":{"confidence_interval":{"confidence_level":0.95,"lower_bound":151892334.1666667,"upper_bound":187828427.5416667},"point_estimate":160788920.82352942,"standard_error":9949864.768667756},"MedianAbsDev":{"confidence_interval":{"confidence_level":0.95,"lower_bound":8137198.311635882,"upper_bound":57385208.847908884},"point_estimate":20833614.99267911,"standard_error":13851685.239960503},"Slope":{"confidence_interval":{"confidence_level":0.95,"lower_bound":175812807.95711917,"upper_bound":317061616.44160885},"point_estimate":232831387.63554007,"standard_error":36407048.99555851},"StdDev":{"confidence_interval":{"confidence_level":0.95,"lower_bound":30545661.915972494,"upper_bound":224501214.24187016},"point_estimate":167365920.7968408,"standard_error":44278728.87643513}}