{"Mean":{"confidence_interval":{"confidence_level":0.95,"lower_bound":-0.15011721352261626,"upper_bound":0.32743768959078257},"point_estimate":0.08604053462740535,"standard_error":0.12132425665539986},"Median":{"confidence_interval":{"confidence_level":0.95,"lower_bound":-0.37428608935854724,"upper_bound":0.594289769255876},"point_estimate":0.08951880920066446,"standard_error":0.26011250870759994}}