{"Mean":{"confidence_interval":{"confidence_level":0.95,"lower_bound":-0.0947555404794739,"upper_bound":0.5369024135619536},"point_estimate":0.1507538371588104,"standard_error":0.1617531214805976},"Median":{"confidence_interval":{"confidence_level":0.95,"lower_bound":-0.15218681625530428,"upper_bound":0.5487141750254616},"point_estimate":0.16958462833766963,"standard_error":0.16900281414019064}}