{"Mean":{"confidence_interval":{"confidence_level":0.95,"lower_bound":-0.36456461536909635,"upper_bound":0.006608283972112252},"point_estimate":-0.17175916114527823,"standard_error":0.10453219060533119},"Median":{"confidence_interval":{"confidence_level":0.95,"lower_bound":-0.37368466874392525,"upper_bound":0.01198424519631236},"point_estimate":-0.0526947394864149,"standard_error":0.1497739653797327}}