{"Mean":{"confidence_interval":{"confidence_level":0.95,"lower_bound":-0.1805723258713779,"upper_bound":0.006629987248235179},"point_estimate":-0.09293298607716005,"standard_error":0.0476694387277135},"Median":{"confidence_interval":{"confidence_level":0.95,"lower_bound":-0.22371269256117865,"upper_bound":-0.0036468895418433345},"point_estimate":-0.11996496022315939,"standard_error":0.05498282638706515}}