{"Mean":{"confidence_interval":{"confidence_level":0.95,"lower_bound":-0.04868742407344503,"upper_bound":0.21906220851231933},"point_estimate":0.07762295401517205,"standard_error":0.06861787988903802},"Median":{"confidence_interval":{"confidence_level":0.95,"lower_bound":-0.05125097486697883,"upper_bound":0.1785258169402546},"point_estimate":0.11040284476600348,"standard_error":0.052748078490528975}}