{"Mean":{"confidence_interval":{"confidence_level":0.95,"lower_bound":1992194581.643579,"upper_bound":2244989132.664469},"point_estimate":2114615290.0062442,"standard_error":64473270.18337723},"Median":{"confidence_interval":{"confidence_level":0.95,"lower_bound":1925334385.7410715,"upper_bound":2266769074.939394},"point_estimate":2082737127.9605265,"standard_error":90301038.49243648},"MedianAbsDev":{"confidence_interval":{"confidence_level":0.95,"lower_bound":170558861.3802395,"upper_bound":449573353.8072173},"point_estimate":338675878.07953477,"standard_error":75676465.95645216},"Slope":{"confidence_interval":{"confidence_level":0.95,"lower_bound":1963931200.8871326,"upper_bound":2335439733.2913275},"point_estimate":2135501121.7069685,"standard_error":97288795.27615185},"StdDev":{"confidence_interval":{"confidence_level":0.95,"lower_bound":201445548.31409556,"upper_bound":362935250.0362441},"point_estimate":296526679.4537133,"standard_error":41277598.79358949}}