{"Mean":{"confidence_interval":{"confidence_level":0.95,"lower_bound":363017362.9958333,"upper_bound":414541456.0119167},"point_estimate":387979007.96194446,"standard_error":13185497.084326277},"Median":{"confidence_interval":{"confidence_level":0.95,"lower_bound":369396151.5,"upper_bound":416603276.81666666},"point_estimate":383811460.3958334,"standard_error":9042840.696544323},"MedianAbsDev":{"confidence_interval":{"confidence_level":0.95,"lower_bound":1136661.898963488,"upper_bound":88563159.67135629},"point_estimate":12692055.819258526,"standard_error":20818870.93194519},"Slope":{"confidence_interval":{"confidence_level":0.95,"lower_bound":373266362.3066667,"upper_bound":388936175.3368902},"point_estimate":382211356.48311687,"standard_error":3975155.5103431987},"StdDev":{"confidence_interval":{"confidence_level":0.95,"lower_bound":10897993.350366658,"upper_bound":59438613.44250287},"point_estimate":43893839.37293883,"standard_error":10996152.20940634}}