{"Mean":{"confidence_interval":{"confidence_level":0.95,"lower_bound":1018547084.5226845,"upper_bound":1109709584.7798512},"point_estimate":1061520611.1378572,"standard_error":23323422.884646166},"Median":{"confidence_interval":{"confidence_level":0.95,"lower_bound":980089067.6666666,"upper_bound":1112389533.7083335},"point_estimate":1056734572.7642858,"standard_error":27231489.23080686},"MedianAbsDev":{"confidence_interval":{"confidence_level":0.95,"lower_bound":5855478.669489455,"upper_bound":130174998.70471172},"point_estimate":77192272.85296324,"standard_error":36559525.09556184},"Slope":{"confidence_interval":{"confidence_level":0.95,"lower_bound":1005988043.7335907,"upper_bound":1092620162.070705},"point_estimate":1046784870.9142857,"standard_error":21973030.145179845},"StdDev":{"confidence_interval":{"confidence_level":0.95,"lower_bound":38877075.26133113,"upper_bound":101115573.54524072},"point_estimate":77750461.6532997,"standard_error":16871183.278427683}}