{"Mean":{"confidence_interval":{"confidence_level":0.95,"lower_bound":1062586205.1337125,"upper_bound":1575909033.4725776},"point_estimate":1304320091.64126,"standard_error":131700453.85126373},"Median":{"confidence_interval":{"confidence_level":0.95,"lower_bound":955256435.75,"upper_bound":1396360558.462121},"point_estimate":1223692698.0089285,"standard_error":109993661.07849924},"MedianAbsDev":{"confidence_interval":{"confidence_level":0.95,"lower_bound":177872572.79216737,"upper_bound":869200412.8628184},"point_estimate":468361146.8401775,"standard_error":188539220.0107625},"Slope":{"confidence_interval":{"confidence_level":0.95,"lower_bound":1077309261.040346,"upper_bound":1478867442.600407},"point_estimate":1268825610.5958188,"standard_error":102466644.27716038},"StdDev":{"confidence_interval":{"confidence_level":0.95,"lower_bound":344684690.58077,"upper_bound":779928148.0390842},"point_estimate":606502289.0892731,"standard_error":111275204.08483577}}