{"Mean":{"confidence_interval":{"confidence_level":0.95,"lower_bound":308566694.7570278,"upper_bound":364831309.5263274},"point_estimate":332041270.1334127,"standard_error":14795114.19282922},"Median":{"confidence_interval":{"confidence_level":0.95,"lower_bound":297733014.5,"upper_bound":343391275.5555556},"point_estimate":323542041.9,"standard_error":11010163.266473548},"MedianAbsDev":{"confidence_interval":{"confidence_level":0.95,"lower_bound":5563465.021488724,"upper_bound":52729608.29583564},"point_estimate":31216215.50503479,"standard_error":12018388.573452454},"Slope":{"confidence_interval":{"confidence_level":0.95,"lower_bound":318775999.7194931,"upper_bound":395242637.63807434},"point_estimate":349407460.66753244,"standard_error":20926685.857517526},"StdDev":{"confidence_interval":{"confidence_level":0.95,"lower_bound":14978219.864249676,"upper_bound":72833236.75909227},"point_estimate":49074228.55465722,"standard_error":18450907.76118125}}