{"Mean":{"confidence_interval":{"confidence_level":0.95,"lower_bound":-0.0938003714876866,"upper_bound":0.0731656028083223},"point_estimate":-0.01491302552490159,"standard_error":0.04342448129453988},"Median":{"confidence_interval":{"confidence_level":0.95,"lower_bound":-0.09596336865459887,"upper_bound":0.07634830454911756},"point_estimate":-0.0368307374515362,"standard_error":0.04037533351561937}}