{"Mean":{"confidence_interval":{"confidence_level":0.95,"lower_bound":1145767873.0,"upper_bound":1337781995.5},"point_estimate":1241774934.25,"standard_error":67946485.16818821},"Median":{"confidence_interval":{"confidence_level":0.95,"lower_bound":1145767873.0,"upper_bound":1337781995.5},"point_estimate":1241774934.25,"standard_error":67946485.16818821},"MedianAbsDev":{"confidence_interval":{"confidence_level":0.95,"lower_bound":0.0,"upper_bound":142340066.48220867},"point_estimate":142340066.48220867,"standard_error":71170281.35611899},"Slope":{"confidence_interval":{"confidence_level":0.95,"lower_bound":1145767873.0,"upper_bound":1337781995.5},"point_estimate":1184170697.5,"standard_error":73612728.5458017},"StdDev":{"confidence_interval":{"confidence_level":0.95,"lower_bound":0.0,"upper_bound":135774488.10333443},"point_estimate":135774488.10333443,"standard_error":67887480.72219887}}