{"Mean":{"confidence_interval":{"confidence_level":0.95,"lower_bound":1192444182.25,"upper_bound":1415592835.5},"point_estimate":1304018508.875,"standard_error":78726337.77183792},"Median":{"confidence_interval":{"confidence_level":0.95,"lower_bound":1192444182.25,"upper_bound":1415592835.5},"point_estimate":1304018508.875,"standard_error":78726337.77183792},"MedianAbsDev":{"confidence_interval":{"confidence_level":0.95,"lower_bound":0.0,"upper_bound":165420093.71743128},"point_estimate":165420093.71743128,"standard_error":82709702.84693614},"Slope":{"confidence_interval":{"confidence_level":0.95,"lower_bound":1192444182.25,"upper_bound":1415592835.5},"point_estimate":1237073912.9,"standard_error":85889768.51094994},"StdDev":{"confidence_interval":{"confidence_level":0.95,"lower_bound":0.0,"upper_bound":157789925.9257205},"point_estimate":157789925.9257205,"standard_error":78894634.81898363}}