{"Mean":{"confidence_interval":{"confidence_level":0.95,"lower_bound":117825689.21322133,"upper_bound":124625994.29617153},"point_estimate":121001069.6045626,"standard_error":1738407.0062759372},"Median":{"confidence_interval":{"confidence_level":0.95,"lower_bound":116432208.58333334,"upper_bound":123569405.925},"point_estimate":121064786.44117647,"standard_error":1829339.8510415712},"MedianAbsDev":{"confidence_interval":{"confidence_level":0.95,"lower_bound":2555353.1449018517,"upper_bound":9605320.212234717},"point_estimate":5811574.105194665,"standard_error":1671926.9886887665},"Slope":{"confidence_interval":{"confidence_level":0.95,"lower_bound":118131520.8994322,"upper_bound":130735879.9574563},"point_estimate":123660207.93554007,"standard_error":3369449.3429588494},"StdDev":{"confidence_interval":{"confidence_level":0.95,"lower_bound":4070013.029733702,"upper_bound":11212784.91842797},"point_estimate":7981040.855626639,"standard_error":1915302.2857209374}}