{"Mean":{"confidence_interval":{"confidence_level":0.95,"lower_bound":354264069.2155445,"upper_bound":374224527.4197463},"point_estimate":363538573.18898964,"standard_error":5100611.917758596},"Median":{"confidence_interval":{"confidence_level":0.95,"lower_bound":350701125.4375,"upper_bound":370076249.7121212},"point_estimate":356780685.9948718,"standard_error":4853807.276022864},"MedianAbsDev":{"confidence_interval":{"confidence_level":0.95,"lower_bound":5229308.506301142,"upper_bound":30892572.465757307},"point_estimate":14592742.318227034,"standard_error":7127255.0857369825},"Slope":{"confidence_interval":{"confidence_level":0.95,"lower_bound":362410903.1158228,"upper_bound":395309284.5287406},"point_estimate":379567495.2630662,"standard_error":8451159.867333775},"StdDev":{"confidence_interval":{"confidence_level":0.95,"lower_bound":13231846.07624749,"upper_bound":31859793.785837267},"point_estimate":23469335.55046336,"standard_error":5001611.407334111}}