{"Mean":{"confidence_interval":{"confidence_level":0.95,"lower_bound":16790109686.0,"upper_bound":18494161548.5},"point_estimate":17642135617.25,"standard_error":600696246.6505277},"Median":{"confidence_interval":{"confidence_level":0.95,"lower_bound":16790109686.0,"upper_bound":18494161548.5},"point_estimate":17642135617.25,"standard_error":600696246.6505277},"MedianAbsDev":{"confidence_interval":{"confidence_level":0.95,"lower_bound":0.0,"upper_bound":1263213623.2447252},"point_estimate":1263213623.2447252,"standard_error":631599050.817574},"Slope":{"confidence_interval":{"confidence_level":0.95,"lower_bound":16790109686.0,"upper_bound":18494161548.5},"point_estimate":18153351176.0,"standard_error":653945963.0040035},"StdDev":{"confidence_interval":{"confidence_level":0.95,"lower_bound":0.0,"upper_bound":1204946627.4673162},"point_estimate":1204946627.4673162,"standard_error":602465910.9044523}}