{"Mean":{"confidence_interval":{"confidence_level":0.95,"lower_bound":13045181890.0,"upper_bound":15109167492.0},"point_estimate":14077174691.0,"standard_error":730045334.3277712},"Median":{"confidence_interval":{"confidence_level":0.95,"lower_bound":13045181890.0,"upper_bound":15109167492.0},"point_estimate":14077174691.0,"standard_error":730045334.3277712},"MedianAbsDev":{"confidence_interval":{"confidence_level":0.95,"lower_bound":0.0,"upper_bound":1530032499.5990932},"point_estimate":1530032499.5990932,"standard_error":765019792.0047953},"Slope":{"confidence_interval":{"confidence_level":0.95,"lower_bound":13045181890.0,"upper_bound":15109167492.0},"point_estimate":13457979010.4,"standard_error":793136027.9005919},"StdDev":{"confidence_interval":{"confidence_level":0.95,"lower_bound":0.0,"upper_bound":1459458215.4455986},"point_estimate":1459458215.4455986,"standard_error":729732486.5409502}}