{"Mean":{"confidence_interval":{"confidence_level":0.95,"lower_bound":-0.264891132707174,"upper_bound":0.1079556659733385},"point_estimate":-0.08307566938515787,"standard_error":0.09375216401200377},"Median":{"confidence_interval":{"confidence_level":0.95,"lower_bound":-0.39883807810110894,"upper_bound":0.1991597678226773},"point_estimate":-0.09726849070041976,"standard_error":0.12605950050433276}}