{"Mean":{"confidence_interval":{"confidence_level":0.95,"lower_bound":1.2325820974957817,"upper_bound":1.3658240748793171},"point_estimate":1.2941443567267799,"standard_error":0.03376039156113936},"Median":{"confidence_interval":{"confidence_level":0.95,"lower_bound":1.230033915402165,"upper_bound":1.3759717160899139},"point_estimate":1.2715234992310576,"standard_error":0.03379834237673555}}