{"Mean":{"confidence_interval":{"confidence_level":0.95,"lower_bound":-0.0009012908284306009,"upper_bound":0.02527741175382059},"point_estimate":0.012377682403313717,"standard_error":0.006758836851189088},"Median":{"confidence_interval":{"confidence_level":0.95,"lower_bound":-0.008507447213480845,"upper_bound":0.019085471147705535},"point_estimate":0.009752208517522565,"standard_error":0.00809091148734503}}