{"Mean":{"confidence_interval":{"confidence_level":0.95,"lower_bound":-0.3738046409464576,"upper_bound":0.06107633665421486},"point_estimate":-0.20386222298505852,"standard_error":0.13948265258115172},"Median":{"confidence_interval":{"confidence_level":0.95,"lower_bound":-0.36720131274105616,"upper_bound":0.07893157033327447},"point_estimate":-0.20073167247971546,"standard_error":0.14215211762490124}}