{"Mean":{"confidence_interval":{"confidence_level":0.95,"lower_bound":82059024.49270085,"upper_bound":88399205.07565999},"point_estimate":85139954.26252122,"standard_error":1623553.9112488213},"Median":{"confidence_interval":{"confidence_level":0.95,"lower_bound":80439923.0,"upper_bound":89414896.57575756},"point_estimate":84082319.4404762,"standard_error":1972888.7656817622},"MedianAbsDev":{"confidence_interval":{"confidence_level":0.95,"lower_bound":3395833.079526622,"upper_bound":11610447.116902778},"point_estimate":8711841.424033884,"standard_error":2086080.028266237},"Slope":{"confidence_interval":{"confidence_level":0.95,"lower_bound":80313457.6625079,"upper_bound":86984912.38089056},"point_estimate":83413397.4445993,"standard_error":1710887.6854358506},"StdDev":{"confidence_interval":{"confidence_level":0.95,"lower_bound":5121407.045261458,"upper_bound":9011581.306873918},"point_estimate":7434870.434464407,"standard_error":996374.5158238029}}