{"Mean":{"confidence_interval":{"confidence_level":0.95,"lower_bound":325531574.31483036,"upper_bound":968349975.1358063},"point_estimate":554925530.4888493,"standard_error":190599412.30639622},"Median":{"confidence_interval":{"confidence_level":0.95,"lower_bound":300096888.0,"upper_bound":435568557.5},"point_estimate":356464775.6,"standard_error":58096462.00242426},"MedianAbsDev":{"confidence_interval":{"confidence_level":0.95,"lower_bound":23034527.168655396,"upper_bound":162857689.46729478},"point_estimate":87340314.90309283,"standard_error":63269846.24914137},"Slope":{"confidence_interval":{"confidence_level":0.95,"lower_bound":331139377.089404,"upper_bound":587392179.2086729},"point_estimate":400600436.7558442,"standard_error":69945100.35735796},"StdDev":{"confidence_interval":{"confidence_level":0.95,"lower_bound":45444696.944811545,"upper_bound":976682443.9813318},"point_estimate":635607137.7853018,"standard_error":335576606.659543}}