{"Mean":{"confidence_interval":{"confidence_level":0.95,"lower_bound":375076292.5843959,"upper_bound":435890909.2013778},"point_estimate":401163823.3962301,"standard_error":15896796.707598737},"Median":{"confidence_interval":{"confidence_level":0.95,"lower_bound":369854138.5,"upper_bound":411385625.1},"point_estimate":389891596.2222222,"standard_error":10236580.978232298},"MedianAbsDev":{"confidence_interval":{"confidence_level":0.95,"lower_bound":971907.478570193,"upper_bound":61174730.49145397},"point_estimate":24972803.817996614,"standard_error":15186738.34936624},"Slope":{"confidence_interval":{"confidence_level":0.95,"lower_bound":385148932.68115944,"upper_bound":459428434.27237356},"point_estimate":417988872.12207794,"standard_error":19219141.28355154},"StdDev":{"confidence_interval":{"confidence_level":0.95,"lower_bound":15209488.875223808,"upper_bound":77301299.09570606},"point_estimate":53019802.03350532,"standard_error":18791814.620420456}}