{"Mean":{"confidence_interval":{"confidence_level":0.95,"lower_bound":1047019441.0,"upper_bound":1519775719.75},"point_estimate":1283397580.375,"standard_error":167457168.56841856},"Median":{"confidence_interval":{"confidence_level":0.95,"lower_bound":1047019441.0,"upper_bound":1519775719.75},"point_estimate":1283397580.375,"standard_error":167457168.56841856},"MedianAbsDev":{"confidence_interval":{"confidence_level":0.95,"lower_bound":0.0,"upper_bound":350454223.2155688},"point_estimate":350454223.2155688,"standard_error":175226762.23622027},"Slope":{"confidence_interval":{"confidence_level":0.95,"lower_bound":1047019441.0,"upper_bound":1519775719.75},"point_estimate":1425224464.0,"standard_error":181522362.25886938},"StdDev":{"confidence_interval":{"confidence_level":0.95,"lower_bound":0.0,"upper_bound":334289170.5526427},"point_estimate":334289170.5526427,"standard_error":167144252.01976445}}