{"Mean":{"confidence_interval":{"confidence_level":0.95,"lower_bound":108749217.02554484,"upper_bound":120967983.69975086},"point_estimate":113518104.14812598,"standard_error":3304384.1827732096},"Median":{"confidence_interval":{"confidence_level":0.95,"lower_bound":107963059.33035713,"upper_bound":113504731.6111111},"point_estimate":110853122.38461539,"standard_error":1661798.8836208233},"MedianAbsDev":{"confidence_interval":{"confidence_level":0.95,"lower_bound":2839835.0000828505,"upper_bound":8142946.650854844},"point_estimate":5304467.974402149,"standard_error":1322008.6783035449},"Slope":{"confidence_interval":{"confidence_level":0.95,"lower_bound":107709974.8699209,"upper_bound":116905088.32373168},"point_estimate":111337366.93763067,"standard_error":2355256.2274378412},"StdDev":{"confidence_interval":{"confidence_level":0.95,"lower_bound":3662048.3183815717,"upper_bound":24412612.751402136},"point_estimate":15155279.763903234,"standard_error":6860148.168449691}}