{"Mean":{"confidence_interval":{"confidence_level":0.95,"lower_bound":14006765944.575972,"upper_bound":16896228257.800486},"point_estimate":15414096553.158197,"standard_error":737735389.1948867},"Median":{"confidence_interval":{"confidence_level":0.95,"lower_bound":13129385696.223982,"upper_bound":17655168975.348213},"point_estimate":14962949674.568182,"standard_error":1006328409.6957167},"MedianAbsDev":{"confidence_interval":{"confidence_level":0.95,"lower_bound":1416228871.6930356,"upper_bound":5146061724.361381},"point_estimate":4225925158.082243,"standard_error":911096179.0196263},"Slope":{"confidence_interval":{"confidence_level":0.95,"lower_bound":12357916715.890451,"upper_bound":14697707051.112595},"point_estimate":13250583533.766203,"standard_error":598577385.5297154},"StdDev":{"confidence_interval":{"confidence_level":0.95,"lower_bound":2317551346.932502,"upper_bound":4115712584.3888464},"point_estimate":3369880193.8629885,"standard_error":462827468.3595608}}