{"Mean":{"confidence_interval":{"confidence_level":0.95,"lower_bound":1202022135.0,"upper_bound":1349330048.0},"point_estimate":1275676091.5,"standard_error":52188503.37126662},"Median":{"confidence_interval":{"confidence_level":0.95,"lower_bound":1202022135.0,"upper_bound":1349330048.0},"point_estimate":1275676091.5,"standard_error":52188503.37126662},"MedianAbsDev":{"confidence_interval":{"confidence_level":0.95,"lower_bound":0.0,"upper_bound":109199353.96822393},"point_estimate":109199353.96822393,"standard_error":54599486.581882514},"Slope":{"confidence_interval":{"confidence_level":0.95,"lower_bound":1202022135.0,"upper_bound":1349330048.0},"point_estimate":1319868465.4,"standard_error":56488479.81278937},"StdDev":{"confidence_interval":{"confidence_level":0.95,"lower_bound":0.0,"upper_bound":104162424.20473798},"point_estimate":104162424.20473798,"standard_error":52081030.48262087}}