{"Mean":{"confidence_interval":{"confidence_level":0.95,"lower_bound":13546390545.590975,"upper_bound":14310679150.932941},"point_estimate":13918256045.37402,"standard_error":195496124.69410887},"Median":{"confidence_interval":{"confidence_level":0.95,"lower_bound":13434711733.944445,"upper_bound":14308105959.982143},"point_estimate":13679118609.658333,"standard_error":204143093.66639784},"MedianAbsDev":{"confidence_interval":{"confidence_level":0.95,"lower_bound":291584067.277236,"upper_bound":1402204495.6296496},"point_estimate":704320104.5984492,"standard_error":322643658.77222},"Slope":{"confidence_interval":{"confidence_level":0.95,"lower_bound":13302820209.121933,"upper_bound":14255397340.123981},"point_estimate":13727034812.296516,"standard_error":244547801.0988324},"StdDev":{"confidence_interval":{"confidence_level":0.95,"lower_bound":611275765.827433,"upper_bound":1085170821.623438},"point_estimate":897901789.985812,"standard_error":120182181.29699229}}