{"Mean":{"confidence_interval":{"confidence_level":0.95,"lower_bound":-0.15286491230279034,"upper_bound":0.011882685807411328},"point_estimate":-0.07628229457492008,"standard_error":0.04212989949438689},"Median":{"confidence_interval":{"confidence_level":0.95,"lower_bound":-0.1723048583275849,"upper_bound":0.03458902726565216},"point_estimate":-0.10134552304582944,"standard_error":0.056028905412740825}}